row_no,source_type,provider,title,category,address,latitude,longitude,tel,tags,source,document_id,chunk_id,content,imported_at,updated_at
"1","","한국관광공사 TourAPI","대전서구문화원","문화시설","대전광역시 서구 계룡로553번길 38","","","","대전|무장애여행|문화시설|wheelchair|mobility_access","tourapi:KorWithService2:130197","2ee8a86f-ee0d-4d40-b688-3022477d37c6","22f68b5f-4d4d-4e24-b919-ee27a29294c6","대전서구문화원은/는 대전 지역의 문화시설 콘텐츠입니다. 주소는 대전광역시 서구 계룡로553번길 38입니다. 무장애 접근성 정보는 장애인 주차: 장애인 전용 주차구역 있음(지하 공영주차장)_무장애 편의시설, 대중교통: 출입구까지 단차가 없어 휠체어 접근 가능함(수동문), 출입통로: 주출입구는 단차가 없어 휠체어 접근 가능함, 엘리베이터: 엘리베이터 있음, 관람석: 장애인 전용 관람석 있음(4석)입니다. 휠체어 또는 이동약자 관련 근거가 있는 장소로 분류했습니다. 현장 운영 상황과 편의시설 사용 가능 여부는 방문 전에 공식 안내처로 다시 확인해야 합니다.","2026-06-23T12:12:05.964Z","2026-06-08T16:01:50.211865+00:00"
"2","","한국관광공사 TourAPI","대전어린이회관","문화시설","대전광역시 유성구 월드컵대로 32 대전월드컵경기장","","","","대전|무장애여행|문화시설|wheelchair|mobility_access|visual_impairment|stroller","tourapi:KorWithService2:1125312","91987e2a-4852-4020-9209-129792d1c89c","43297c40-603f-4aea-8675-7f5f1daa4e71","대전어린이회관은/는 대전 지역의 문화시설 콘텐츠입니다. 주소는 대전광역시 유성구 월드컵대로 32 대전월드컵경기장입니다. 무장애 접근성 정보는 장애인 주차: 장애인 전용 주차구역 있음(지하)_무장애 편의시설, 대중교통: 출입구까지 단차가 없어 휠체어 접근 가능함, 휠체어: 휠체어 무료대여(2대), 출입통로: 주출입구는 단차가 없어 휠체어 접근 가능함, 엘리베이터: 엘리베이터 있음, 장애인 화장실: 장애인 전용 화장실(입구로비쪽), 점자블록: 점자블록 있음(건물입구 앞)_시각장애인 편의시설, 유모차: 유모차 무료대여(4대), 수유실: 수유실 있음(감각놀이터), 영유아가족 기타: 유아 휴게실 있음입니다. 휠체어 또는 이동약자 관련 근거가 있는 장소로 분류했습니다. 유모차 또는 영유아 가족 관련 근거가 있는 장소로 분류했습니다. 현장 운영 상황과 편의시설 사용 가능 여부는 방문 전에 공식 안내처로 다시 확인해야 합니다.","2026-06-23T12:12:06.060Z","2026-06-08T16:01:50.374418+00:00"
"3","","한국관광공사 TourAPI","호텔 인터시티","숙박","대전광역시 유성구 온천로 92","","","","대전|무장애여행|숙박|wheelchair|mobility_access","tourapi:KorWithService2:143023","5cdb1fd3-063c-4f47-8f36-eabfb1484f7d","7dea2e87-d277-4cfc-8a2f-80b61115eb92","호텔 인터시티은/는 대전 지역의 숙박 콘텐츠입니다. 주소는 대전광역시 유성구 온천로 92입니다. 무장애 접근성 정보는 장애인 주차: 장애인 주차장 7칸 있음_무장애 편의시설, 대중교통: 출입구까지 경사로가 설치되어 있음, 출입통로: 주출입구는 경사로가 있어 휠체어 접근 가능함, 엘리베이터: 엘리베이터 있음, 장애인 화장실: 장애인 화장실 있음(1층 로비), 객실: 장애인 객실 있음(1층)입니다. 휠체어 또는 이동약자 관련 근거가 있는 장소로 분류했습니다. 현장 운영 상황과 편의시설 사용 가능 여부는 방문 전에 공식 안내처로 다시 확인해야 합니다.","2026-06-23T12:12:07.038Z","2026-06-08T16:01:50.492013+00:00"
"4","","한국관광공사 TourAPI","롯데시티호텔 대전","숙박","대전광역시 유성구 엑스포로123번길 33 (도룡동)","","","","대전|무장애여행|숙박|wheelchair|mobility_access|visual_impairment","tourapi:KorWithService2:1933910","954cc518-a9cb-4ca9-af0f-251d84d580ee","07c6eec3-85c9-4b4c-b053-d923b4b6eb9b","롯데시티호텔 대전은/는 대전 지역의 숙박 콘텐츠입니다. 주소는 대전광역시 유성구 엑스포로123번길 33 (도룡동)입니다. 무장애 접근성 정보는 장애인 주차: 장애인 주차장 있음(5대)_무장애 편의시설, 대중교통: 출입구까지 턱이 없어 휠체어 접근 가능함, 출입통로: 주출입구는 턱이 없어 휠체어 접근 가능함, 엘리베이터: 엘리베이터 있음, 장애인 화장실: 장애인 화장실 있음, 객실: 장애인 객실 있음(4실), 점자블록: 점자블록 있음_시각장애인 편의시설입니다. 휠체어 또는 이동약자 관련 근거가 있는 장소로 분류했습니다. 현장 운영 상황과 편의시설 사용 가능 여부는 방문 전에 공식 안내처로 다시 확인해야 합니다.","2026-06-08T16:00:26.891Z","2026-06-08T16:01:50.607851+00:00"
"5","","한국관광공사 TourAPI","대청호자연생태관","문화시설","대전광역시 동구 천개동로 41 (추동)","","","","대전|무장애여행|문화시설|wheelchair|mobility_access|visual_impairment|stroller","tourapi:KorWithService2:736422","208ea318-8a96-4dcc-8349-17bfe84aaa00","5d5c9f78-2a55-4a88-b49e-3845034935e0","대청호자연생태관은/는 대전 지역의 문화시설 콘텐츠입니다. 주소는 대전광역시 동구 천개동로 41 (추동)입니다. 무장애 접근성 정보는 장애인 주차: 장애인 전용 주차구역 2칸 있음_무장애 편의시설, 휠체어: 휠체어대여 가능 (1대/1층 사무실), 출입통로: 높낮이차 없이 휠체어로 출입가능, 엘리베이터: 엘리베이터 있음, 장애인 화장실: 장애인전용 화장실 있음 (1,2층), 점자 홍보물: 점자 안내판 있음, 유모차: 유모차 대여 가능함(2대구비, 1층사무실), 수유실: 수유실 있음, 영유아가족 기타: 기저귀교환대 있음입니다. 휠체어 또는 이동약자 관련 근거가 있는 장소로 분류했습니다. 유모차 또는 영유아 가족 관련 근거가 있는 장소로 분류했습니다. 현장 운영 상황과 편의시설 사용 가능 여부는 방문 전에 공식 안내처로 다시 확인해야 합니다.","2026-06-23T12:12:07.113Z","2026-06-08T16:01:50.850841+00:00"
"6","","한국관광공사 TourAPI","뿌리공원","관광지","대전광역시 중구 뿌리공원로 79 뿌리공원","","","","대전|무장애여행|관광지|wheelchair|mobility_access|visual_impairment|stroller","tourapi:KorWithService2:126838","3173e4ac-81a2-4f74-84f7-6180f6dbd552","1c207f29-9340-4f6c-98f8-c5664245fba1","뿌리공원은/는 대전 지역의 관광지 콘텐츠입니다. 주소는 대전광역시 중구 뿌리공원로 79 뿌리공원입니다. 무장애 접근성 정보는 장애인 주차: 장애인 주차장 있음_무장애 편의시설, 대중교통: 출입구까지 턱이 없어 휠체어 접근 가능함, 휠체어: 대여 가능(4대/다리 건너서 1층 안내데스크), 출입통로: 주출입구는 턱이 없어 휠체어 접근 가능함, 장애인 화장실: 장애인 화장실 있음, 안내요원: 안내요원 있음(주출입구), 유모차: 대여 가능(3대/다리 건너서 1층 안내데스크), 수유실: 수유실 있음(한국족보박물관 내 수유실)입니다. 휠체어 또는 이동약자 관련 근거가 있는 장소로 분류했습니다. 유모차 또는 영유아 가족 관련 근거가 있는 장소로 분류했습니다. 현장 운영 상황과 편의시설 사용 가능 여부는 방문 전에 공식 안내처로 다시 확인해야 합니다.","2026-06-23T12:12:07.207Z","2026-06-08T16:01:50.963465+00:00"
"7","","한국관광공사 TourAPI","대전교통문화연수원","관광지","대전광역시 유성구 대덕대로 480","","","","대전|무장애여행|관광지|wheelchair|mobility_access|visual_impairment","tourapi:KorWithService2:1089992","3f3f4f36-aed9-4c81-94bb-4aa0c1c6cbf8","e850b997-4922-4788-94ed-c1aef90ce030","대전교통문화연수원은/는 대전 지역의 관광지 콘텐츠입니다. 주소는 대전광역시 유성구 대덕대로 480입니다. 무장애 접근성 정보는 장애인 주차: 장애인 주차장 있음(대전무역전시관 주차장 이용)_무장애 편의시설, 대중교통: 출입구까지 턱이 없어 휠체어 접근 가능함, 휠체어: 대여가능, 출입통로: 주출입구는 턱이 없어 휠체어 접근 가능함, 엘리베이터: 엘리베이터 있음, 장애인 화장실: 장애인 화장실 있음, 점자블록: 점자블록 있음_시각장애인 편의시설입니다. 휠체어 또는 이동약자 관련 근거가 있는 장소로 분류했습니다. 현장 운영 상황과 편의시설 사용 가능 여부는 방문 전에 공식 안내처로 다시 확인해야 합니다.","2026-06-23T12:12:07.298Z","2026-06-08T16:01:51.091543+00:00"
"8","","한국관광공사 TourAPI","한밭종합운동장","레포츠","대전광역시 중구 대종로 373","","","","대전|무장애여행|레포츠|wheelchair|mobility_access|visual_impairment","tourapi:KorWithService2:1353752","80686526-45a6-415f-b778-1e24881b2ed8","f0db0209-d1c0-4438-b974-fc834f70e8f8","한밭종합운동장은/는 대전 지역의 레포츠 콘텐츠입니다. 주소는 대전광역시 중구 대종로 373입니다. 무장애 접근성 정보는 장애인 주차: 장애인 전용 주차구역 있음, 대중교통: 출입구까지 경사로 및 엘리베이터가 있어 휠체어 접근 가능함, 출입통로: 주출입구는 단차가 없어 휠체어 접근 가능함, 엘리베이터: 엘리베이터 있음, 장애인 화장실: 장애인 전용 화장실 있음, 관람석: 장애인 전용 관람석 있음(엘리베이터 및 경사로 접근가능), 지체장애 기타: 운동장 필드까지 경사로 있음,장애인 자원봉사단 사무실 있음, 점자블록: 점자블록 있음(화장실,엘리베이터)입니다. 휠체어 또는 이동약자 관련 근거가 있는 장소로 분류했습니다. 현장 운영 상황과 편의시설 사용 가능 여부는 방문 전에 공식 안내처로 다시 확인해야 합니다.","2026-06-23T12:12:07.385Z","2026-06-08T16:01:51.216106+00:00"
"9","","한국관광공사 TourAPI","스카이로드","관광지","대전광역시 중구 은행동","","","","대전|무장애여행|관광지|wheelchair|mobility_access","tourapi:KorWithService2:1964622","9f968d0d-e406-424f-b19c-7c487d93202e","c10e88b8-4af0-4c18-9bae-abf896a3914d","스카이로드은/는 대전 지역의 관광지 콘텐츠입니다. 주소는 대전광역시 중구 은행동입니다. 무장애 접근성 정보는 장애인 주차: 장애인 전용 주차구역 있음(시장 방면 공영 주차장)_무장애 편의시설, 대중교통: 출입구까지 단차가 없어 휠체어 접근 가능함, 출입통로: 주출입구는 단차가 없어 휠체어 접근 가능함, 장애인 화장실: 장애인 전용 화장실 있음(공영 주차장 근처 공중화장실)입니다. 휠체어 또는 이동약자 관련 근거가 있는 장소로 분류했습니다. 현장 운영 상황과 편의시설 사용 가능 여부는 방문 전에 공식 안내처로 다시 확인해야 합니다.","2026-06-23T12:12:07.475Z","2026-06-08T16:01:51.317495+00:00"
"10","","한국관광공사 TourAPI","대전전통나래관","문화시설","대전광역시 동구 철갑2길 2 (소제동)","","","","대전|무장애여행|문화시설|wheelchair|mobility_access|visual_impairment","tourapi:KorWithService2:2605913","ea1d923a-5644-4d8a-8553-074cd1d04007","0275e0ae-1989-474c-9484-2722d9b2ea60","대전전통나래관은/는 대전 지역의 문화시설 콘텐츠입니다. 주소는 대전광역시 동구 철갑2길 2 (소제동)입니다. 무장애 접근성 정보는 장애인 주차: 장애인 주차장 있음(1대)_무장애 편의시설, 대중교통: 출입구까지 경사로가 설치되어 있음, 출입통로: 주출입구는 경사로가 있어 휠체어 접근 가능함, 엘리베이터: 엘리베이터 있음, 장애인 화장실: 장애인 화장실 있음(1층), 점자블록: 점자블록 있음_시각장애인 편의시설입니다. 휠체어 또는 이동약자 관련 근거가 있는 장소로 분류했습니다. 현장 운영 상황과 편의시설 사용 가능 여부는 방문 전에 공식 안내처로 다시 확인해야 합니다.","2026-06-23T12:12:08.072Z","2026-06-08T16:01:51.424154+00:00"
"11","","한국관광공사 TourAPI","문창전통시장","쇼핑","대전광역시 중구 보문로20번길 22 (문창동)","","","","대전|무장애여행|쇼핑|wheelchair|mobility_access|visual_impairment","tourapi:KorWithService2:2746186","5f7bb751-1c5a-421c-91fe-bf120dde089d","c007d561-db2f-4581-8f73-01df2dbff6d7","문창전통시장은/는 대전 지역의 쇼핑 콘텐츠입니다. 주소는 대전광역시 중구 보문로20번길 22 (문창동)입니다. 무장애 접근성 정보는 대중교통: 출입구까지 턱이 없어 휠체어 접근 가능함, 출입통로: 주출입구는 턱이 없어 휠체어 접근 가능함_무장애 편의시설, 보조견 동반: 동반가능_시각장애인 편의시설입니다. 휠체어 또는 이동약자 관련 근거가 있는 장소로 분류했습니다. 현장 운영 상황과 편의시설 사용 가능 여부는 방문 전에 공식 안내처로 다시 확인해야 합니다.","2026-06-23T12:12:08.213Z","2026-06-08T16:01:51.53303+00:00"
"12","","한국관광공사 TourAPI","동화울수변공원","관광지","대전광역시 유성구 관평동","","","","대전|무장애여행|관광지|wheelchair|mobility_access|visual_impairment","tourapi:KorWithService2:2789662","e80483e5-99ae-4b86-b778-809de10ad7ac","b16e9c37-32f0-418b-8d45-9016157c622f","동화울수변공원은/는 대전 지역의 관광지 콘텐츠입니다. 주소는 대전광역시 유성구 관평동입니다. 무장애 접근성 정보는 대중교통: 출입구까지 턱이 없어 휠체어 접근 가능함, 출입통로: 주출입구는 턱이 없어 휠체어 접근 가능함_무장애 편의시설, 보조견 동반: 동반가능_시각장애인 편의시설입니다. 휠체어 또는 이동약자 관련 근거가 있는 장소로 분류했습니다. 현장 운영 상황과 편의시설 사용 가능 여부는 방문 전에 공식 안내처로 다시 확인해야 합니다.","2026-06-23T12:12:08.291Z","2026-06-08T16:01:51.63758+00:00"
"13","","한국관광공사 TourAPI","은구비공원","관광지","대전광역시 유성구 노은동로 166 (지족동)","","","","대전|무장애여행|관광지|wheelchair|mobility_access|visual_impairment","tourapi:KorWithService2:2775510","d33f2703-95e4-43ea-bc8d-9a8cbec2313f","2e51fe5f-556c-4c88-a6ac-21de1eaafaea","은구비공원은/는 대전 지역의 관광지 콘텐츠입니다. 주소는 대전광역시 유성구 노은동로 166 (지족동)입니다. 무장애 접근성 정보는 대중교통: 출입구까지 턱이 없어 휠체어 접근 가능함, 출입통로: 주출입구는 턱이 없어 휠체어 접근 가능함_무장애 편의시설, 보조견 동반: 동반가능_시각장애인 편의시설입니다. 휠체어 또는 이동약자 관련 근거가 있는 장소로 분류했습니다. 현장 운영 상황과 편의시설 사용 가능 여부는 방문 전에 공식 안내처로 다시 확인해야 합니다.","2026-06-23T12:12:08.380Z","2026-06-08T16:01:51.750076+00:00"
"14","","한국관광공사 TourAPI","송강전통시장","쇼핑","대전광역시 유성구 봉산로 17 (송강동)","","","","대전|무장애여행|쇼핑|wheelchair|mobility_access|visual_impairment","tourapi:KorWithService2:2746192","1dc86e21-ba45-4214-86c7-dfd56d2641c2","29640072-6f2d-40ee-b4d3-0966b68bbaa1","송강전통시장은/는 대전 지역의 쇼핑 콘텐츠입니다. 주소는 대전광역시 유성구 봉산로 17 (송강동)입니다. 무장애 접근성 정보는 장애인 주차: 장애인 주차장 있음(공영주차장)_무장애 편의시설, 대중교통: 출입구까지 턱이 없어 휠체어 접근 가능함, 출입통로: 주출입구는 턱이 없어 휠체어 접근 가능함, 보조견 동반: 동반가능_시각장애인 편의시설입니다. 휠체어 또는 이동약자 관련 근거가 있는 장소로 분류했습니다. 현장 운영 상황과 편의시설 사용 가능 여부는 방문 전에 공식 안내처로 다시 확인해야 합니다.","2026-06-23T12:12:08.454Z","2026-06-08T16:01:51.852843+00:00"
"15","","한국관광공사 TourAPI","보라매공원(대전)","관광지","대전광역시 서구 둔산동 1544","","","","대전|무장애여행|관광지|wheelchair|mobility_access|visual_impairment","tourapi:KorWithService2:2758666","65c2084a-961e-424d-b4fb-6a136ad80d13","bd0f9637-abb6-4c85-95a7-4f32f246b2b3","보라매공원(대전)은/는 대전 지역의 관광지 콘텐츠입니다. 주소는 대전광역시 서구 둔산동 1544입니다. 무장애 접근성 정보는 장애인 주차: 정문에 장애인 주차장 4개 보유, 대중교통: 출입구까지 턱이 없어 휠체어 접근 가능함, 접근로: 공원 초입에 신림선 보라매공원역, 출입통로: 주출입구는 턱이 없어 휠체어 접근 가능함_무장애 편의시설, 보조견 동반: 동반가능_시각장애인 편의시설입니다. 휠체어 또는 이동약자 관련 근거가 있는 장소로 분류했습니다. 현장 운영 상황과 편의시설 사용 가능 여부는 방문 전에 공식 안내처로 다시 확인해야 합니다.","2026-06-23T12:12:09.381Z","2026-06-08T16:01:51.957271+00:00"
"16","","한국관광공사 TourAPI","대전엑스포시민광장","관광지","대전광역시 서구 둔산대로 169","","","","대전|무장애여행|관광지|wheelchair|mobility_access|visual_impairment","tourapi:KorWithService2:2738037","d875975f-80f4-4114-8993-252fae7d66ef","217c121d-9bfb-4ffc-9907-d6b194cca4aa","대전엑스포시민광장은/는 대전 지역의 관광지 콘텐츠입니다. 주소는 대전광역시 서구 둔산대로 169입니다. 무장애 접근성 정보는 장애인 주차: 장애인 전용 주차구역 주차 대수 : 7대(평송청소년문화센터주차장)<br/>주변 휠체어 이용자 등이 이용할 수 있는 여유공간 있음.<br/>문화시설까지의 거리 : 약 180m, 대중교통: 문화시설 부지 넓음. 이동경로 폭 넓음<br/>문화시설 특성상 휠체어, 전동 스쿠터 사용자 이용 쉬움.<br/>내부 턱 없음., 접근로: 대중교통 이용 가능 : 한밭수목원 정류장<br/>저상버스 운행 : 618번, 출입통로: 문화시설 부지 넓음. 이동경로 폭 넓음<br/>문화시설 특성상 휠체어, 전동 스쿠터 사용자 이용 쉬움.<br/>내부 턱 없음., 보조견 동반: 동반가능_시각장애인 편의시설입니다. 휠체어 또는 이동약자 관련 근거가 있는 장소로 분류했습니다. 현장 운영 상황과 편의시설 사용 가능 여부는 방문 전에 공식 안내처로 다시 확인해야 합니다.","2026-06-23T12:12:09.455Z","2026-06-08T16:01:52.087487+00:00"
"17","","한국관광공사 TourAPI","천연기념물센터","문화시설","대전광역시 서구 유등로 927 (만년동)","","","","대전|무장애여행|문화시설|wheelchair|mobility_access|visual_impairment|stroller","tourapi:KorWithService2:1906578","7060a0e8-22ef-49ff-95f0-4634cc14dcf0","fe43a364-f9b4-4a99-8450-b0f7ebdee17f","천연기념물센터은/는 대전 지역의 문화시설 콘텐츠입니다. 주소는 대전광역시 서구 유등로 927 (만년동)입니다. 무장애 접근성 정보는 장애인 주차: 장애인 주차장 있음(2대)_무장애 편의시설, 대중교통: 출입구까지 경사로가 설치되어 있음, 휠체어: 대여가능(2대), 출입통로: 주출입구는 경사로가 있어 휠체어 접근 가능함(자동문), 엘리베이터: 엘리베이터 있음, 장애인 화장실: 장애인 화장실 있음(1층 안내데스크 왼쪽, 남녀 분리), 지체장애 기타: 장애인 휴게실 있음, 점자블록: 점자블록 있음(계단 앞, 엘리베이터 앞)_시각장애인 편의시설, 안내요원: 안내요원 있음, 유모차: 대여가능(4대, 36개월 이하), 수유실: 수유실 있음(1층)입니다. 휠체어 또는 이동약자 관련 근거가 있는 장소로 분류했습니다. 유모차 또는 영유아 가족 관련 근거가 있는 장소로 분류했습니다. 현장 운영 상황과 편의시설 사용 가능 여부는 방문 전에 공식 안내처로 다시 확인해야 합니다.","2026-06-23T12:12:09.528Z","2026-06-08T16:01:52.192423+00:00"
"18","","한국관광공사 TourAPI","둔산전자타운","쇼핑","대전광역시 서구 도산로403번길 21","","","","대전|무장애여행|쇼핑|wheelchair|mobility_access","tourapi:KorWithService2:1623725","aa1189ba-f2e2-4e7f-b4b8-e298194f8bae","c26e5a8a-0943-4d12-8904-8549600e529c","둔산전자타운은/는 대전 지역의 쇼핑 콘텐츠입니다. 주소는 대전광역시 서구 도산로403번길 21입니다. 무장애 접근성 정보는 장애인 주차: 장애인 전용 주차구역 있음_무장애 편의시설, 대중교통: 출입구까지 단차가 없어 휠체어 접근 가능함, 출입통로: 주출입구는 단차가 없어 휠체어 접근 가능함, 엘리베이터: 엘리베이터 있음, 장애인 화장실: 장애인 전용 화장실 있음입니다. 휠체어 또는 이동약자 관련 근거가 있는 장소로 분류했습니다. 현장 운영 상황과 편의시설 사용 가능 여부는 방문 전에 공식 안내처로 다시 확인해야 합니다.","2026-06-23T12:12:09.792Z","2026-06-08T16:01:52.300912+00:00"
"19","","한국관광공사 TourAPI","한민시장","쇼핑","대전광역시 서구 가장로 106 (가장동, 삼성 래미안아파트)","","","","대전|무장애여행|쇼핑|wheelchair|mobility_access|visual_impairment","tourapi:KorWithService2:2761477","2ba3bd49-a64b-4c78-96eb-08437a79561e","195c24b7-eaf8-46d1-96fb-253b7ae7365f","한민시장은/는 대전 지역의 쇼핑 콘텐츠입니다. 주소는 대전광역시 서구 가장로 106 (가장동, 삼성 래미안아파트)입니다. 무장애 접근성 정보는 장애인 주차: 장애인 주차장 있음_무장애 편의시설, 대중교통: 출입구까지 턱이 없어 휠체어 접근 가능함, 출입통로: 주출입구는 턱이 없어 휠체어 접근 가능함, 보조견 동반: 동반가능_시각장애인 편의시설입니다. 휠체어 또는 이동약자 관련 근거가 있는 장소로 분류했습니다. 현장 운영 상황과 편의시설 사용 가능 여부는 방문 전에 공식 안내처로 다시 확인해야 합니다.","2026-06-23T12:12:09.878Z","2026-06-08T16:01:52.421282+00:00"
"20","","한국관광공사 TourAPI","도마큰시장","쇼핑","대전광역시 서구 도마4길 69 (도마동)","","","","대전|무장애여행|쇼핑|wheelchair|mobility_access|visual_impairment","tourapi:KorWithService2:2758334","6641f3ab-7ee7-4cb4-a9a0-ba1f0ddfaeda","10b8b0a2-e286-46e8-9b64-1847b20889d7","도마큰시장은/는 대전 지역의 쇼핑 콘텐츠입니다. 주소는 대전광역시 서구 도마4길 69 (도마동)입니다. 무장애 접근성 정보는 대중교통: 출입구까지 턱이 없어 휠체어 접근 가능함, 출입통로: 주출입구는 턱이 없어 휠체어 접근 가능함_무장애 편의시설, 보조견 동반: 동반가능_시각장애인 편의시설입니다. 휠체어 또는 이동약자 관련 근거가 있는 장소로 분류했습니다. 현장 운영 상황과 편의시설 사용 가능 여부는 방문 전에 공식 안내처로 다시 확인해야 합니다.","2026-06-23T12:12:09.970Z","2026-06-08T16:01:52.524008+00:00"
"21","","한국관광공사 TourAPI","우암사적공원","관광지","대전광역시 동구 충정로 53","","","","대전|무장애여행|관광지|wheelchair|mobility_access","tourapi:KorWithService2:945477","ea21e321-3035-4f2e-af35-a557658dad9f","5c81348a-9ebd-4dd8-8d83-d1cdef813acc","우암사적공원은/는 대전 지역의 관광지 콘텐츠입니다. 주소는 대전광역시 동구 충정로 53입니다. 무장애 접근성 정보는 장애인 주차: 장애인 전용 주차구역 있음_무장애 편의시설, 장애인 화장실: 장애인 전용 화장실 있음입니다. 휠체어 또는 이동약자 관련 근거가 있는 장소로 분류했습니다. 현장 운영 상황과 편의시설 사용 가능 여부는 방문 전에 공식 안내처로 다시 확인해야 합니다.","2026-06-23T12:12:10.060Z","2026-06-08T16:01:52.627516+00:00"
"22","","한국관광공사 TourAPI","길치문화공원","관광지","대전광역시 대덕구 신상로 65-100 (비래동)","","","","대전|무장애여행|관광지|wheelchair|mobility_access|visual_impairment","tourapi:KorWithService2:1622646","2ee6ee9d-e767-4453-a514-7997108348b3","42ff69b7-4e59-4ede-8f57-2d27ef2d2614","길치문화공원은/는 대전 지역의 관광지 콘텐츠입니다. 주소는 대전광역시 대덕구 신상로 65-100 (비래동)입니다. 무장애 접근성 정보는 대중교통: 출입구까지 경사로가 설치되어 있음_무장애 편의시설, 출입통로: 주출입구는 단차가 없어 휠체어 접근 가능함, 장애인 화장실: 장애인 전용 화장실 있음, 점자블록: 점자블록 있음(관리사무소)_시각장애인 편의시설입니다. 휠체어 또는 이동약자 관련 근거가 있는 장소로 분류했습니다. 현장 운영 상황과 편의시설 사용 가능 여부는 방문 전에 공식 안내처로 다시 확인해야 합니다.","2026-06-23T12:12:10.151Z","2026-06-08T16:01:52.766133+00:00"
"23","","한국관광공사 TourAPI","대전무형유산전수교육관","문화시설","대전광역시 대덕구 동춘당로94번길 50","","","","대전|무장애여행|문화시설|wheelchair|mobility_access|visual_impairment","tourapi:KorWithService2:2733533","409ea11b-0178-4e8f-8cdc-62e19a3980fc","6d075b6c-46c6-43bb-9d85-45d6167a430c","대전무형유산전수교육관은/는 대전 지역의 문화시설 콘텐츠입니다. 주소는 대전광역시 대덕구 동춘당로94번길 50입니다. 무장애 접근성 정보는 장애인 주차: 장애인 주차장 있음_무장애 편의시설, 대중교통: 출입구까지 턱이 없어 휠체어 접근 가능함, 출입통로: 주출입구는 경사로가 있어 휠체어 접근 가능함(수동문), 장애인 화장실: 장애인 화장실 있음, 관람석: 장애인 전용 관람석 있음(공연장/3석), 점자블록: 점자유도로 있음_시각장애인 편의시설, 안내요원: 안내요원 있음, 점자 홍보물: 점자안내판 있음입니다. 휠체어 또는 이동약자 관련 근거가 있는 장소로 분류했습니다. 현장 운영 상황과 편의시설 사용 가능 여부는 방문 전에 공식 안내처로 다시 확인해야 합니다.","2026-06-23T12:12:10.230Z","2026-06-08T16:01:52.881876+00:00"
"24","","한국관광공사 TourAPI","한남대학교 성지관","문화시설","대전광역시 대덕구 한남로 70","","","","대전|무장애여행|문화시설|wheelchair|mobility_access","tourapi:KorWithService2:129723","910c57e6-2651-4d47-a2f7-1b80a346f23a","cda7714b-7561-4402-94eb-a553272b632e","한남대학교 성지관은/는 대전 지역의 문화시설 콘텐츠입니다. 주소는 대전광역시 대덕구 한남로 70입니다. 무장애 접근성 정보는 장애인 주차: 장애인 전용 주차구역 있음(성지관 주차장 2대)_무장애 편의시설, 대중교통: 성지관과 교회 사이의 입구에 경사로가 있음, 장애인 화장실: 장애인 전용 화장실 있음(성지관 내), 관람석: 장애인 전용 관람석 있음입니다. 휠체어 또는 이동약자 관련 근거가 있는 장소로 분류했습니다. 현장 운영 상황과 편의시설 사용 가능 여부는 방문 전에 공식 안내처로 다시 확인해야 합니다.","2026-06-23T12:12:10.303Z","2026-06-08T16:01:53.00803+00:00"
"25","","한국관광공사 TourAPI","중리전통시장","쇼핑","대전광역시 대덕구 중리북로37번길 26","","","","대전|무장애여행|쇼핑|wheelchair|mobility_access","tourapi:KorWithService2:1128853","31daffb5-ef7e-4ebd-aae7-86b793b13b83","d9eaec43-2ab5-4052-924b-ffa339e2e60b","중리전통시장은/는 대전 지역의 쇼핑 콘텐츠입니다. 주소는 대전광역시 대덕구 중리북로37번길 26입니다. 무장애 접근성 정보는 장애인 주차: 장애인 전용 주차구역 있음_무장애 편의시설, 대중교통: 출입구까지 경사로가 설치되어 있음, 출입통로: 주출입구는 단차가 없어 휠체어 접근 가능함, 장애인 화장실: 장애인 전용 화장실 있음, 지체장애 기타: 시장 내 휠체어 가능(일부 가게입구 단차 있음)입니다. 휠체어 또는 이동약자 관련 근거가 있는 장소로 분류했습니다. 현장 운영 상황과 편의시설 사용 가능 여부는 방문 전에 공식 안내처로 다시 확인해야 합니다.","2026-06-23T12:12:10.916Z","2026-06-08T16:01:53.112522+00:00"
"26","","한국관광공사 TourAPI","한밭교육박물관","문화시설","대전광역시 동구 우암로 96 (삼성동)","","","","대전|무장애여행|문화시설|wheelchair|mobility_access|visual_impairment","tourapi:KorWithService2:130420","b615c963-52b1-4b58-bde5-d43fc7330efa","2a6d84a3-61fd-4476-a21b-755507a96aa7","한밭교육박물관은/는 대전 지역의 문화시설 콘텐츠입니다. 주소는 대전광역시 동구 우암로 96 (삼성동)입니다. 무장애 접근성 정보는 장애인 주차: 장애인 전용 주차구역 주차 대수 : 2대.<br/>>주변 휠체어 이용자 등이 이용할 수 있는 여유공간 있음.<br/>문화시설까지의 거리 : 약 60m, 접근로: 대중교통 이용 가능 : 삼성네거리 정류장<br/>저상버스 운행 : 201, 611, 613번<br/>지하철 :1호선 대전역(하차 시 약 10분 도보 위치), 출입통로: 출입통로 형태 : 여닫이문<br/>출입통로가 넓어 휠체어, 전동 스쿠터 사용자 진입 쉬움.<br/>경사로 있음., 장애인 화장실: 장애인 화장실 있음(1층,남녀분리), 점자블록: 계단 앞입니다. 휠체어 또는 이동약자 관련 근거가 있는 장소로 분류했습니다. 현장 운영 상황과 편의시설 사용 가능 여부는 방문 전에 공식 안내처로 다시 확인해야 합니다.","2026-06-23T12:12:11.057Z","2026-06-08T16:01:53.216184+00:00"
"27","","한국관광공사 TourAPI","대전별서","숙박","대전광역시 동구 이사로 147-81 (이사동)","","","","대전|무장애여행|숙박|wheelchair|mobility_access|visual_impairment|stroller","tourapi:KorWithService2:3533130","a172a5e4-83cd-409e-995e-7583d9283ec6","70b429ab-3447-4e00-b2c6-d464fa261459","대전별서은/는 대전 지역의 숙박 콘텐츠입니다. 주소는 대전광역시 동구 이사로 147-81 (이사동)입니다. 무장애 접근성 정보는 장애인 주차: 장애인 주차구역, 대중교통: 경사로, 출입구까지 턱 없이 접근, 휠체어 이용로, 출입통로: 주 출입구 경사로, 턱 없이 접근 가능, 장애인 화장실: 장애인 전용 화장실, 객실: 장애인 객실 있음, 점자 홍보물: 점자 홍보물 및 점자표지판 있음, 시각장애 기타: 점자블록 있음, 보조견 동반 가능, 안내요원 있음, 수유실: 수유실 있음입니다. 휠체어 또는 이동약자 관련 근거가 있는 장소로 분류했습니다. 유모차 또는 영유아 가족 관련 근거가 있는 장소로 분류했습니다. 현장 운영 상황과 편의시설 사용 가능 여부는 방문 전에 공식 안내처로 다시 확인해야 합니다.","2026-06-23T12:12:11.171Z","2026-06-08T16:01:53.324346+00:00"
"28","","한국관광공사 TourAPI","호텔스카이파크 대전1호점","숙박","대전광역시 유성구 테크노중앙로 161 (용산동)","","","","대전|무장애여행|숙박|wheelchair|mobility_access|visual_impairment","tourapi:KorWithService2:2770452","d2d54245-9413-4523-b6e2-8c24132bcd9c","5c05bd7a-8ae8-4aef-843a-77179accdb34","호텔스카이파크 대전1호점은/는 대전 지역의 숙박 콘텐츠입니다. 주소는 대전광역시 유성구 테크노중앙로 161 (용산동)입니다. 무장애 접근성 정보는 장애인 주차: 호텔 뒤편 주차장에 장애인 주차구역 7면, 대중교통: 휠체어 접근이 가능함, 접근로: 5분거리 버스정류장에 705, 1001번 버스 하차, 출입통로: 휠체어 접근이 가능함, 엘리베이터: 전층 운행 엘리베이터, 장애인 화장실: 객실 내 장애인 화장실, 객실: 장애인 이용 객실 3개 보유, 시각장애 기타: 객실 앞 점자블록 설치입니다. 휠체어 또는 이동약자 관련 근거가 있는 장소로 분류했습니다. 현장 운영 상황과 편의시설 사용 가능 여부는 방문 전에 공식 안내처로 다시 확인해야 합니다.","2026-06-23T12:12:11.509Z","2026-06-08T16:01:53.428784+00:00"
"29","","한국관광공사 TourAPI","호텔ICC","숙박","대전광역시 유성구 엑스포로123번길 55 (도룡동)","","","","대전|무장애여행|숙박|wheelchair|mobility_access|visual_impairment|stroller","tourapi:KorWithService2:2948479","635f2af4-4331-4cb5-9040-1d25cef70a15","cc6391c9-f26e-4d46-9262-6b6e65d69ccc","호텔ICC은/는 대전 지역의 숙박 콘텐츠입니다. 주소는 대전광역시 유성구 엑스포로123번길 55 (도룡동)입니다. 무장애 접근성 정보는 장애인 주차: 장애인 주차장 있음_무장애 편의시설, 대중교통: 출입구까지 경사로가 설치되어 있음, 출입통로: 주출입구는 경사로가 있어 휠체어 접근 가능함(자동문), 엘리베이터: 엘리베이터 있음, 장애인 화장실: 장애인 화장실 있음, 객실: 장애인 객실 있음, 점자블록: 점자블록 있음(주요시설 앞)_시각장애인 편의시설, 안내요원: 안내요원 있음, 유아용 보조의자: 유아용 보조의자 있음, 영유아가족 기타: 유아용 식기 있음입니다. 휠체어 또는 이동약자 관련 근거가 있는 장소로 분류했습니다. 유모차 또는 영유아 가족 관련 근거가 있는 장소로 분류했습니다. 현장 운영 상황과 편의시설 사용 가능 여부는 방문 전에 공식 안내처로 다시 확인해야 합니다.","2026-06-23T12:12:12.046Z","2026-06-08T16:01:53.531271+00:00"
"30","","한국관광공사 TourAPI","을미기공원","관광지","대전광역시 대덕구 대덕대로1448번길 120 (신일동)","","","","대전|무장애여행|관광지|wheelchair|mobility_access|visual_impairment","tourapi:KorWithService2:2913058","3b034abd-8338-4492-a435-64c443ee32a3","37f4119b-af84-4037-869b-240dab655a9e","을미기공원은/는 대전 지역의 관광지 콘텐츠입니다. 주소는 대전광역시 대덕구 대덕대로1448번길 120 (신일동)입니다. 무장애 접근성 정보는 대중교통: 출입구까지 턱이 없어 휠체어 접근 가능함, 출입통로: 주출입구는 턱이 없어 휠체어 접근 가능함_무장애 편의시설, 보조견 동반: 동반가능_시각장애인 편의시설입니다. 휠체어 또는 이동약자 관련 근거가 있는 장소로 분류했습니다. 현장 운영 상황과 편의시설 사용 가능 여부는 방문 전에 공식 안내처로 다시 확인해야 합니다.","2026-06-23T12:12:13.099Z","2026-06-08T16:01:53.652536+00:00"
"31","","한국관광공사 TourAPI","금강로하스산호빛공원","관광지","대전광역시 대덕구 석봉동 779","","","","대전|무장애여행|관광지|wheelchair|mobility_access|visual_impairment","tourapi:KorWithService2:2913032","3cae07a3-0082-460c-a413-a1e81ba73c65","26c0d8a7-66d7-4c23-a5c9-064fb27ad1a3","금강로하스산호빛공원은/는 대전 지역의 관광지 콘텐츠입니다. 주소는 대전광역시 대덕구 석봉동 779입니다. 무장애 접근성 정보는 대중교통: 출입구까지 턱이 없어 휠체어 접근 가능함, 출입통로: 주출입구는 턱이 없어 휠체어 접근 가능함_무장애 편의시설, 보조견 동반: 동반가능_시각장애인 편의시설입니다. 휠체어 또는 이동약자 관련 근거가 있는 장소로 분류했습니다. 현장 운영 상황과 편의시설 사용 가능 여부는 방문 전에 공식 안내처로 다시 확인해야 합니다.","2026-06-23T12:12:13.482Z","2026-06-08T16:01:53.755699+00:00"
"32","","한국관광공사 TourAPI","대전근로자종합복지회관","레포츠","대전광역시 대덕구 대화로 10 (대화동)","","","","대전|무장애여행|레포츠|wheelchair|mobility_access|visual_impairment","tourapi:KorWithService2:131149","d40478f8-cadf-42e6-af99-997b4a2b6b9f","a7595acf-bff7-468b-ac28-58481a31022b","대전근로자종합복지회관은/는 대전 지역의 레포츠 콘텐츠입니다. 주소는 대전광역시 대덕구 대화로 10 (대화동)입니다. 무장애 접근성 정보는 장애인 주차: 장애인 주차장 있음_무장애 편의시설, 대중교통: 출입구까지 경사로가 설치되어 있음, 출입통로: 주출입구는 경사로가 있어 휠체어 접근 가능함, 엘리베이터: 엘리베이터 있음, 장애인 화장실: 장애인 화장실 있음, 점자블록: 점자블록 있음_시각장애인 편의시설입니다. 휠체어 또는 이동약자 관련 근거가 있는 장소로 분류했습니다. 현장 운영 상황과 편의시설 사용 가능 여부는 방문 전에 공식 안내처로 다시 확인해야 합니다.","2026-06-23T12:12:13.964Z","2026-06-08T16:01:53.87629+00:00"
"33","","한국관광공사 TourAPI","대전솔로몬로파크","관광지","대전광역시 유성구 엑스포로 219-39 (원촌동)","","","","대전|무장애여행|관광지|wheelchair|mobility_access|visual_impairment|stroller","tourapi:KorWithService2:741957","a91c0f05-99cb-4eb4-bfc1-4a8dc798d424","10bd47e6-5775-41cd-9179-be63cd63f1d6","대전솔로몬로파크은/는 대전 지역의 관광지 콘텐츠입니다. 주소는 대전광역시 유성구 엑스포로 219-39 (원촌동)입니다. 무장애 접근성 정보는 장애인 주차: 장애인 주차장 있음(2대)_무장애 편의시설, 대중교통: 출입구까지 1단차가 있어 휠체어 접근 가능함(수동문), 장애인 화장실: 장애인 화장실 있음, 점자블록: 점자블록 있음(주 출입구 앞)_시각장애인 편의시설, 수유실: 수유실 있음입니다. 휠체어 또는 이동약자 관련 근거가 있는 장소로 분류했습니다. 유모차 또는 영유아 가족 관련 근거가 있는 장소로 분류했습니다. 현장 운영 상황과 편의시설 사용 가능 여부는 방문 전에 공식 안내처로 다시 확인해야 합니다.","2026-06-23T12:12:15.418Z","2026-06-08T16:01:53.985281+00:00"
"34","","한국관광공사 TourAPI","추동인공생태습지","관광지","대전광역시 동구 추동 331","","","","대전|무장애여행|관광지|wheelchair|mobility_access|visual_impairment","tourapi:KorWithService2:1125505","fd72109e-1195-4230-9f7e-5fb802decf65","27342e0a-6490-46ff-848b-e166867e7414","추동인공생태습지은/는 대전 지역의 관광지 콘텐츠입니다. 주소는 대전광역시 동구 추동 331입니다. 무장애 접근성 정보는 장애인 주차: 장애인 주차장 있음(2대,자연생태관 주차장)_무장애 편의시설, 대중교통: 출입구까지 턱이 없어 휠체어 접근 가능함, 지체장애 기타: 산책로 데크로드 구간 있음, 보조견 동반: 동반가능_시각장애인 편의시설입니다. 휠체어 또는 이동약자 관련 근거가 있는 장소로 분류했습니다. 현장 운영 상황과 편의시설 사용 가능 여부는 방문 전에 공식 안내처로 다시 확인해야 합니다.","2026-06-23T12:12:15.498Z","2026-06-08T16:01:54.091199+00:00"
"35","","한국관광공사 TourAPI","금강로하스대청공원","관광지","대전광역시 대덕구 미호동","","","","대전|무장애여행|관광지|wheelchair|mobility_access|visual_impairment","tourapi:KorWithService2:2407303","6d3bd673-5af8-435e-91f1-67f2a50daf7d","e81a861c-bad6-4d3a-abe6-9296c5f52d2d","금강로하스대청공원은/는 대전 지역의 관광지 콘텐츠입니다. 주소는 대전광역시 대덕구 미호동입니다. 무장애 접근성 정보는 장애인 주차: 장애인 전용 주차구역 있음(28대)_무장애 편의시설, 대중교통: 공원은 무단차로 연결되어 있으며 공원내 전시관도 무단차 진입 가능함, 장애인 화장실: 장애인 전용 화장실 있음(야외 공중화장실,경사로 설치됨), 점자블록: 점자블록 있음(화장실 앞)_시각장애인 편의시설입니다. 휠체어 또는 이동약자 관련 근거가 있는 장소로 분류했습니다. 현장 운영 상황과 편의시설 사용 가능 여부는 방문 전에 공식 안내처로 다시 확인해야 합니다.","2026-06-23T12:12:15.573Z","2026-06-08T16:01:54.204866+00:00"
"36","","한국관광공사 TourAPI","대전트래블라운지","관광지","대전광역시 동구 중앙로 187-1","","","","대전|무장애여행|관광지|wheelchair|mobility_access|visual_impairment","tourapi:KorWithService2:2722927","bac86d72-6258-43e5-a5f1-ade32074d2b4","cb255544-ccee-4a7d-a0e2-f03df1492bcf","대전트래블라운지은/는 대전 지역의 관광지 콘텐츠입니다. 주소는 대전광역시 동구 중앙로 187-1입니다. 무장애 접근성 정보는 대중교통: 출입구까지 경사로가 설치되어 있음_무장애 편의시설, 휠체어: 대여가능(2대/안내데스크/신분증보관), 출입통로: 주출입구는 턱이 없어 휠체어 접근 가능함(자동문), 보조견 동반: 동반가능, 안내요원: 안내요원 있음_시각장애인 편의시설입니다. 휠체어 또는 이동약자 관련 근거가 있는 장소로 분류했습니다. 현장 운영 상황과 편의시설 사용 가능 여부는 방문 전에 공식 안내처로 다시 확인해야 합니다.","2026-06-23T12:12:15.686Z","2026-06-08T16:01:54.310385+00:00"
"37","","한국관광공사 TourAPI","굿모닝레지던스호텔휴","숙박","대전광역시 서구 둔산로73번길 21 (둔산동)","","","","대전|무장애여행|숙박|wheelchair|mobility_access|visual_impairment","tourapi:KorWithService2:1932079","577b134e-b02c-4750-82aa-a5c7a8ed0611","b921a36f-4e7e-495d-af1a-b793927cacfd","굿모닝레지던스호텔휴은/는 대전 지역의 숙박 콘텐츠입니다. 주소는 대전광역시 서구 둔산로73번길 21 (둔산동)입니다. 무장애 접근성 정보는 장애인 주차: 장애인 전용 주차구역 있음_무장애 편의시설, 대중교통: 출입구까지 턱이 없어 휠체어 접근 가능함, 출입통로: 주출입구는 턱이 없어 휠체어 접근 가능함, 엘리베이터: 엘리베이터 있음, 객실: 장애인 객실 있음, 점자블록: 점자블록 있음(주출입구)_시각장애인 편의시설입니다. 휠체어 또는 이동약자 관련 근거가 있는 장소로 분류했습니다. 현장 운영 상황과 편의시설 사용 가능 여부는 방문 전에 공식 안내처로 다시 확인해야 합니다.","2026-06-23T12:12:15.775Z","2026-06-08T16:01:54.411773+00:00"
"38","","한국관광공사 TourAPI","부사노바","숙박","대전광역시 중구 대종로315번길 19 (부사동) 201호","","","","대전|무장애여행|숙박|stroller","tourapi:KorWithService2:3533155","140681d4-6400-4b61-8711-923fc04d9a49","fdfa9154-3393-4fb0-8ba8-53fcfeb41de3","부사노바은/는 대전 지역의 숙박 콘텐츠입니다. 주소는 대전광역시 중구 대종로315번길 19 (부사동) 201호입니다. 무장애 접근성 정보는 영유아가족 기타: 유아용 그릇세트입니다. 유모차 또는 영유아 가족 관련 근거가 있는 장소로 분류했습니다. 현장 운영 상황과 편의시설 사용 가능 여부는 방문 전에 공식 안내처로 다시 확인해야 합니다.","2026-06-23T12:12:15.852Z","2026-06-08T16:01:54.518891+00:00"
"39","","한국관광공사 TourAPI","진신","음식점","대전광역시 유성구 원신흥로55번길 66-25 (원신흥동)","","","","대전|무장애여행|음식점|wheelchair|mobility_access|stroller","tourapi:KorWithService2:2915644","bf608006-8052-4caa-86c3-5707b8f99088","c79c68cd-e6c7-4f70-9e7e-7ce4cd508073","진신은/는 대전 지역의 음식점 콘텐츠입니다. 주소는 대전광역시 유성구 원신흥로55번길 66-25 (원신흥동)입니다. 무장애 접근성 정보는 대중교통: 출입구까지 턱이 없어 휠체어 접근 가능함, 출입통로: 주출입구는 턱이 없어 휠체어 접근 가능함(수동문), 지체장애 기타: 의자식 테이블 있음_무장애 편의시설, 유아용 보조의자: 구비입니다. 휠체어 또는 이동약자 관련 근거가 있는 장소로 분류했습니다. 유모차 또는 영유아 가족 관련 근거가 있는 장소로 분류했습니다. 현장 운영 상황과 편의시설 사용 가능 여부는 방문 전에 공식 안내처로 다시 확인해야 합니다.","2026-06-23T12:12:15.936Z","2026-06-08T16:01:54.628891+00:00"
"40","","한국관광공사 TourAPI","펠리쓰","음식점","대전광역시 유성구 관용로 13 (관평동)","","","","대전|무장애여행|음식점|wheelchair|mobility_access","tourapi:KorWithService2:2915610","65d09592-e30a-40c1-bc7c-bcd4c32c8da0","6699b3b8-f0a9-46ed-8c01-0218b441a209","펠리쓰은/는 대전 지역의 음식점 콘텐츠입니다. 주소는 대전광역시 유성구 관용로 13 (관평동)입니다. 무장애 접근성 정보는 대중교통: 출입구까지 경사로가 설치되어 있음, 출입통로: 주출입구는 경사로가 있어 휠체어 접근 가능함(수동문), 지체장애 기타: 의자식 테이블 있음_무장애 편의시설입니다. 휠체어 또는 이동약자 관련 근거가 있는 장소로 분류했습니다. 현장 운영 상황과 편의시설 사용 가능 여부는 방문 전에 공식 안내처로 다시 확인해야 합니다.","2026-06-23T12:12:16.666Z","2026-06-08T16:01:54.729072+00:00"
"41","","한국관광공사 TourAPI","대나무통밥맛정식","음식점","대전광역시 서구 대덕대로 370 (만년동)","","","","대전|무장애여행|음식점|wheelchair|mobility_access|stroller","tourapi:KorWithService2:2915019","69dd307c-6271-48aa-94fc-69cffc704e0d","a4e22ccb-6796-49d9-b5c3-c94eef9d30ff","대나무통밥맛정식은/는 대전 지역의 음식점 콘텐츠입니다. 주소는 대전광역시 서구 대덕대로 370 (만년동)입니다. 무장애 접근성 정보는 대중교통: 출입구까지 턱이 없어 휠체어 접근 가능함, 출입통로: 주출입구는 턱이 없어 휠체어 접근 가능함(수동문), 엘리베이터: 엘리베이터 있음, 지체장애 기타: 의자식 테이블 있음_무장애 편의시설, 유아용 보조의자: 구비입니다. 휠체어 또는 이동약자 관련 근거가 있는 장소로 분류했습니다. 유모차 또는 영유아 가족 관련 근거가 있는 장소로 분류했습니다. 현장 운영 상황과 편의시설 사용 가능 여부는 방문 전에 공식 안내처로 다시 확인해야 합니다.","2026-06-23T12:12:16.841Z","2026-06-08T16:01:54.940166+00:00"
"42","","한국관광공사 TourAPI","보물섬수산","음식점","대전광역시 유성구 계룡로 15-3 (구암동)","","","","대전|무장애여행|음식점|wheelchair|mobility_access|visual_impairment","tourapi:KorWithService2:2914349","4b65bdc2-6528-4f77-b811-00a2b0dff69d","6ba70655-8d87-4263-9100-2387fd77b0ed","보물섬수산은/는 대전 지역의 음식점 콘텐츠입니다. 주소는 대전광역시 유성구 계룡로 15-3 (구암동)입니다. 무장애 접근성 정보는 장애인 주차: 장애인 주차장 있음(1대)_무장애 편의시설, 대중교통: 출입구까지 경사로가 설치되어 있음, 출입통로: 주출입구는 턱이 없어 휠체어 접근 가능함(수동문), 엘리베이터: 엘리베이터 있음, 지체장애 기타: 의자식 테이블 있음, 점자블록: 점자블록 있음(주요시설 앞)_시각장애인 편의시설입니다. 휠체어 또는 이동약자 관련 근거가 있는 장소로 분류했습니다. 현장 운영 상황과 편의시설 사용 가능 여부는 방문 전에 공식 안내처로 다시 확인해야 합니다.","2026-06-23T12:12:16.915Z","2026-06-08T16:01:55.047274+00:00"
"43","","한국관광공사 TourAPI","어선재","음식점","강원특별자치도 속초시 온천로 60 (노학동)","","","","대전|무장애여행|음식점|wheelchair|mobility_access","tourapi:KorWithService2:2913435","435e47cc-a417-4921-9ed2-ed37cd878e1f","3d22b1ca-7fbb-49f1-be9a-6242e202ad22","어선재은/는 대전 지역의 음식점 콘텐츠입니다. 주소는 강원특별자치도 속초시 온천로 60 (노학동)입니다. 무장애 접근성 정보는 대중교통: 출입구까지 경사로가 설치되어 있음, 출입통로: 주출입구는 턱이 없어 휠체어 접근 가능함(자동문), 지체장애 기타: 의자식 테이블 있음_무장애 편의시설입니다. 휠체어 또는 이동약자 관련 근거가 있는 장소로 분류했습니다. 현장 운영 상황과 편의시설 사용 가능 여부는 방문 전에 공식 안내처로 다시 확인해야 합니다.","2026-06-08T16:01:19.983Z","2026-06-08T16:01:55.151682+00:00"
"44","","한국관광공사 TourAPI","대감댁 왕뼈 해장국 유성점","음식점","대전광역시 유성구 대학로75번길 17 (궁동)","","","","대전|무장애여행|음식점|wheelchair|mobility_access","tourapi:KorWithService2:2913352","17e47317-8be7-4d35-9d13-eb68b90066b0","903d8935-7009-4eca-b3c5-0348aa697f48","대감댁 왕뼈 해장국 유성점은/는 대전 지역의 음식점 콘텐츠입니다. 주소는 대전광역시 유성구 대학로75번길 17 (궁동)입니다. 무장애 접근성 정보는 대중교통: 출입구까지 턱이 없어 휠체어 접근 가능함, 출입통로: 주출입구는 턱이 없어 휠체어 접근 가능함(수동문), 지체장애 기타: 의자식 테이블 있음_무장애 편의시설입니다. 휠체어 또는 이동약자 관련 근거가 있는 장소로 분류했습니다. 현장 운영 상황과 편의시설 사용 가능 여부는 방문 전에 공식 안내처로 다시 확인해야 합니다.","2026-06-08T16:01:21.843Z","2026-06-08T16:01:55.25481+00:00"
"45","","한국관광공사 TourAPI","아리랑옛날순대","음식점","대전광역시 유성구 계룡로74번길 15 (봉명동)","","","","대전|무장애여행|음식점|wheelchair|mobility_access","tourapi:KorWithService2:2913192","1eaa4329-3926-444c-bc0b-c6c550248055","c24d2318-c207-4bbb-9cb9-10ae3122753b","아리랑옛날순대은/는 대전 지역의 음식점 콘텐츠입니다. 주소는 대전광역시 유성구 계룡로74번길 15 (봉명동)입니다. 무장애 접근성 정보는 대중교통: 출입구까지 턱이 없어 휠체어 접근 가능함, 출입통로: 주출입구는 턱이 없어 휠체어 접근 가능함(수동문), 지체장애 기타: 의자식 테이블 있음_무장애 편의시설입니다. 휠체어 또는 이동약자 관련 근거가 있는 장소로 분류했습니다. 현장 운영 상황과 편의시설 사용 가능 여부는 방문 전에 공식 안내처로 다시 확인해야 합니다.","2026-06-23T12:12:17.007Z","2026-06-08T16:01:55.362707+00:00"
"46","","한국관광공사 TourAPI","리코타코","음식점","대전광역시 유성구 대학로155번길 29 (궁동)","","","","대전|무장애여행|음식점|wheelchair|mobility_access","tourapi:KorWithService2:2913097","b047dcd3-1cec-4758-bdc6-6086af15d407","b498f509-c529-456a-944e-775e94ca6f62","리코타코은/는 대전 지역의 음식점 콘텐츠입니다. 주소는 대전광역시 유성구 대학로155번길 29 (궁동)입니다. 무장애 접근성 정보는 대중교통: 출입구까지 경사로가 설치되어 있음, 출입통로: 주출입구는 경사로가 있어 휠체어 접근 가능함(수동문), 지체장애 기타: 의자식 테이블 있음_무장애 편의시설입니다. 휠체어 또는 이동약자 관련 근거가 있는 장소로 분류했습니다. 현장 운영 상황과 편의시설 사용 가능 여부는 방문 전에 공식 안내처로 다시 확인해야 합니다.","2026-06-23T12:12:17.101Z","2026-06-08T16:01:55.469937+00:00"
"47","","한국관광공사 TourAPI","라꼬레","음식점","대전광역시 유성구 한밭대로371번길 38 (궁동)","","","","대전|무장애여행|음식점|wheelchair|mobility_access","tourapi:KorWithService2:2912957","42c034d7-f018-4af7-b00a-9f37d9c4a704","3f16f3e3-8f19-4563-bc9c-ce9231dd2685","라꼬레은/는 대전 지역의 음식점 콘텐츠입니다. 주소는 대전광역시 유성구 한밭대로371번길 38 (궁동)입니다. 무장애 접근성 정보는 대중교통: 출입구까지 턱이 없어 휠체어 접근 가능함, 출입통로: 주출입구는 턱이 없어 휠체어 접근 가능함(수동문), 지체장애 기타: 의자식 테이블 있음_무장애 편의시설입니다. 휠체어 또는 이동약자 관련 근거가 있는 장소로 분류했습니다. 현장 운영 상황과 편의시설 사용 가능 여부는 방문 전에 공식 안내처로 다시 확인해야 합니다.","2026-06-23T12:12:17.176Z","2026-06-08T16:01:55.576371+00:00"
"48","","한국관광공사 TourAPI","그린베이커리","음식점","대전광역시 유성구 테크노4로 80-7 (관평동)","","","","대전|무장애여행|음식점|wheelchair|mobility_access","tourapi:KorWithService2:2912871","13e7cdc7-361f-4089-b9e3-b03974c01caf","aea524d7-4b0c-4dcd-993b-7f162fb3f1d0","그린베이커리은/는 대전 지역의 음식점 콘텐츠입니다. 주소는 대전광역시 유성구 테크노4로 80-7 (관평동)입니다. 무장애 접근성 정보는 대중교통: 출입구까지 턱이 없어 휠체어 접근 가능함, 출입통로: 주출입구는 턱이 없어 휠체어 접근 가능함(수동문), 지체장애 기타: 의자식 테이블 있음_무장애 편의시설입니다. 휠체어 또는 이동약자 관련 근거가 있는 장소로 분류했습니다. 현장 운영 상황과 편의시설 사용 가능 여부는 방문 전에 공식 안내처로 다시 확인해야 합니다.","2026-06-23T12:12:17.240Z","2026-06-08T16:01:55.688039+00:00"
"49","","한국관광공사 TourAPI","고치소사마","음식점","대전광역시 유성구 온천동로65번길 26 (봉명동)","","","","대전|무장애여행|음식점|wheelchair|mobility_access","tourapi:KorWithService2:2912798","bdc91752-372a-4bf6-bdac-396697a33a60","a45d298d-e59b-442a-94d9-0e8ff3eaea68","고치소사마은/는 대전 지역의 음식점 콘텐츠입니다. 주소는 대전광역시 유성구 온천동로65번길 26 (봉명동)입니다. 무장애 접근성 정보는 장애인 주차: 장애인 주차장 있음(1대)_무장애 편의시설, 대중교통: 출입구까지 턱이 없어 휠체어 접근 가능함, 출입통로: 주출입구는 턱이 없어 휠체어 접근 가능함(수동문), 지체장애 기타: 의자식 테이블 있음입니다. 휠체어 또는 이동약자 관련 근거가 있는 장소로 분류했습니다. 현장 운영 상황과 편의시설 사용 가능 여부는 방문 전에 공식 안내처로 다시 확인해야 합니다.","2026-06-23T12:12:17.333Z","2026-06-08T16:01:55.795064+00:00"
"50","","한국관광공사 TourAPI","무양도원","음식점","대전광역시 유성구 온천북로 7 (봉명동, 레자미 멀티홈)","","","","대전|무장애여행|음식점|wheelchair|mobility_access","tourapi:KorWithService2:2912079","e83d0ca8-92b7-4c4b-9396-21bde418579e","79de4c4b-79a9-43a6-89df-9b2982e06be5","무양도원은/는 대전 지역의 음식점 콘텐츠입니다. 주소는 대전광역시 유성구 온천북로 7 (봉명동, 레자미 멀티홈)입니다. 무장애 접근성 정보는 대중교통: 출입구까지 턱이 없어 휠체어 접근 가능함, 출입통로: 주출입구는 턱이 없어 휠체어 접근 가능함(수동문), 지체장애 기타: 의자식 테이블 있음_무장애 편의시설입니다. 휠체어 또는 이동약자 관련 근거가 있는 장소로 분류했습니다. 현장 운영 상황과 편의시설 사용 가능 여부는 방문 전에 공식 안내처로 다시 확인해야 합니다.","2026-06-08T16:01:25.917Z","2026-06-08T16:01:55.921396+00:00"
"51","","한국관광공사 TourAPI","으능정이문화의거리","쇼핑","대전광역시 중구 중앙로 164","","","","대전|무장애여행|쇼핑|wheelchair|mobility_access|visual_impairment","tourapi:KorWithService2:132505","b3f98177-bf39-4767-b1ce-aa6589a80aa7","ee3aa779-5ecd-4e9f-a66d-c72ec13825dd","으능정이문화의거리은/는 대전 지역의 쇼핑 콘텐츠입니다. 주소는 대전광역시 중구 중앙로 164입니다. 무장애 접근성 정보는 장애인 주차: 장애인 주차장 있음_무장애 편의시설, 대중교통: 출입구까지 턱이 없어 휠체어 접근 가능함, 출입통로: 주출입구는 턱이 없어 휠체어 접근 가능함, 보조견 동반: 동반가능_시각장애인 편의시설입니다. 휠체어 또는 이동약자 관련 근거가 있는 장소로 분류했습니다. 현장 운영 상황과 편의시설 사용 가능 여부는 방문 전에 공식 안내처로 다시 확인해야 합니다.","2026-06-23T12:12:17.400Z","2026-06-08T16:01:56.031899+00:00"
"52","","한국관광공사 TourAPI","태평전통시장","쇼핑","대전광역시 중구 수침로55번길 56","","","","대전|무장애여행|쇼핑|wheelchair|mobility_access|visual_impairment","tourapi:KorWithService2:1309877","3fa5cc3f-0195-48ae-8092-acf6e7007791","23736724-dab3-4947-8917-355b46c246e5","태평전통시장은/는 대전 지역의 쇼핑 콘텐츠입니다. 주소는 대전광역시 중구 수침로55번길 56입니다. 무장애 접근성 정보는 대중교통: 출입구까지 턱이 없어 휠체어 접근 가능함_무장애 편의시설, 출입통로: 주출입구는 턱이 없어 휠체어 접근 가능함, 장애인 화장실: 장애인 화장실 있음(고객 쉼터), 점자블록: 점자블록 있음(고객 쉼터 화장실 입구 앞)_시각장애인 편의시설, 보조견 동반: 동반가능입니다. 휠체어 또는 이동약자 관련 근거가 있는 장소로 분류했습니다. 현장 운영 상황과 편의시설 사용 가능 여부는 방문 전에 공식 안내처로 다시 확인해야 합니다.","2026-06-23T12:12:18.290Z","2026-06-08T16:01:56.133937+00:00"
"53","","한국관광공사 TourAPI","대흥동 문화예술의거리","관광지","대전광역시 중구 대흥동","","","","대전|무장애여행|관광지|wheelchair|mobility_access|visual_impairment","tourapi:KorWithService2:1909639","8816fd22-7838-4d46-a035-ab8b63bb1f80","befb37f0-b0d8-474e-b649-320be84c15ad","대흥동 문화예술의거리은/는 대전 지역의 관광지 콘텐츠입니다. 주소는 대전광역시 중구 대흥동입니다. 무장애 접근성 정보는 대중교통: 출입구까지 턱이 없어 휠체어 접근 가능함, 출입통로: 출입구는 턱이 없어 휠체어 접근 가능함_무장애 편의시설, 보조견 동반: 동반가능_시각장애인 편의시설입니다. 휠체어 또는 이동약자 관련 근거가 있는 장소로 분류했습니다. 현장 운영 상황과 편의시설 사용 가능 여부는 방문 전에 공식 안내처로 다시 확인해야 합니다.","2026-06-23T12:12:18.801Z","2026-06-08T16:01:56.259895+00:00"
"54","","한국관광공사 TourAPI","대전역 동광장","관광지","대전광역시 동구 새둑길 143 (소제동)","","","","대전|무장애여행|관광지|wheelchair|mobility_access|visual_impairment|stroller","tourapi:KorWithService2:2775503","d7e403d6-77fd-4aff-a00d-0e99de80c796","cd252f7e-41f8-4ffc-a8cd-96f77dfb2d4b","대전역 동광장은/는 대전 지역의 관광지 콘텐츠입니다. 주소는 대전광역시 동구 새둑길 143 (소제동)입니다. 무장애 접근성 정보는 장애인 주차: 인근 장애인 주차장 있음 (동광장2 주차장, 4면), 대중교통: 주 출입구 경사로 완만함, 엘리베이터: 대전역에 엘레베이터 있음, 점자블록: 대전역 내, 화장실 앞 점자블록 있음, 수유실: 대전역 내 수유실 있음
수유실 내 소파, 기저귀 교환대, 정수기, 전자레인지, 싱크대 설치, 영유아가족 기타: 유아용 화장실 (가족화장실) 있음
화장실 내 기저귀 교환대 있음입니다. 휠체어 또는 이동약자 관련 근거가 있는 장소로 분류했습니다. 유모차 또는 영유아 가족 관련 근거가 있는 장소로 분류했습니다. 현장 운영 상황과 편의시설 사용 가능 여부는 방문 전에 공식 안내처로 다시 확인해야 합니다.","2026-06-23T12:12:19.316Z","2026-06-08T16:01:56.369728+00:00"
"55","","한국관광공사 TourAPI","대전 중앙시장","쇼핑","대전광역시 동구 대전로 783","","","","대전|무장애여행|쇼핑|wheelchair|mobility_access|visual_impairment","tourapi:KorWithService2:1434477","204ca7d0-2742-4851-b8c2-bd695b13544a","25d41d4f-4b76-411e-bfab-d54563c1eb45","대전 중앙시장은/는 대전 지역의 쇼핑 콘텐츠입니다. 주소는 대전광역시 동구 대전로 783입니다. 무장애 접근성 정보는 장애인 주차: 장애인 주차장 있음_무장애 편의시설, 대중교통: 출입구까지 턱이 없어 휠체어 접근 가능함, 출입통로: 주출입구는 경사로가 있어 휠체어 접근 가능함, 엘리베이터: 엘리베이터 있음, 장애인 화장실: 장애인 화장실 있음, 점자블록: 점자블록 있음(엘리베이터)_시각장애인 편의시설입니다. 휠체어 또는 이동약자 관련 근거가 있는 장소로 분류했습니다. 현장 운영 상황과 편의시설 사용 가능 여부는 방문 전에 공식 안내처로 다시 확인해야 합니다.","2026-06-23T12:12:19.395Z","2026-06-08T16:01:56.467617+00:00"
"56","","한국관광공사 TourAPI","롯데백화점 (대전점)","쇼핑","대전광역시 서구 계룡로 598 (괴정동) 롯데백화점","","","","대전|무장애여행|쇼핑|wheelchair|mobility_access|visual_impairment|stroller","tourapi:KorWithService2:132661","8bb24bcd-eeb2-4cc9-9ac0-410deeaa5928","046e9782-c7d6-4c3f-9c4a-2318b755e242","롯데백화점 (대전점)은/는 대전 지역의 쇼핑 콘텐츠입니다. 주소는 대전광역시 서구 계룡로 598 (괴정동) 롯데백화점입니다. 무장애 접근성 정보는 장애인 주차: 장애인 주차장 있음, 매표소: 매표소 있음, 엘리베이터: 엘리베이터 있음, 장애인 화장실: 장애인 화장실 있음
손잡이, 등받이, 비상 호출벨, 영유아 거치대 있음, 점자블록: 화장실 출입구 앞 점자블록 있음, 보조견 동반: 보조견 동반 입장 가능, 멀티미디어 전시 해설 어플 제공, 오디오 가이드: 음성 안내 서비스, 오디오 가이드 있음, 유모차: 유모차 대여 가능, 수유실: 수유실 있음, 귀저기 교환대 있음, 영유아가족 기타: 유아용 화장실 (가족 화장실) 있음입니다. 휠체어 또는 이동약자 관련 근거가 있는 장소로 분류했습니다. 유모차 또는 영유아 가족 관련 근거가 있는 장소로 분류했습니다. 현장 운영 상황과 편의시설 사용 가능 여부는 방문 전에 공식 안내처로 다시 확인해야 합니다.","2026-06-23T12:12:19.542Z","2026-06-08T16:01:56.589262+00:00"
"57","","한국관광공사 TourAPI","신탄진장 (3, 8일)","쇼핑","대전광역시 대덕구 석봉로37번길 52-11 (석봉동)","","","","대전|무장애여행|쇼핑|wheelchair|mobility_access|visual_impairment","tourapi:KorWithService2:1128720","0e52408a-c3da-47ee-8cc1-644363d05cb5","b692ec78-3686-480a-bb62-49cbc1d17f0b","신탄진장 (3, 8일)은/는 대전 지역의 쇼핑 콘텐츠입니다. 주소는 대전광역시 대덕구 석봉로37번길 52-11 (석봉동)입니다. 무장애 접근성 정보는 대중교통: 출입구까지 턱이 없어 휠체어 접근 가능함, 출입통로: 주출입구는 턱이 없어 휠체어 접근 가능함_무장애 편의시설, 보조견 동반: 동반가능_시각장애인 편의시설입니다. 휠체어 또는 이동약자 관련 근거가 있는 장소로 분류했습니다. 현장 운영 상황과 편의시설 사용 가능 여부는 방문 전에 공식 안내처로 다시 확인해야 합니다.","2026-06-23T12:12:19.613Z","2026-06-08T16:01:56.690037+00:00"
"58","","한국관광공사 TourAPI","대전 가수원도서관","문화시설","대전광역시 서구 가수원로 91-11 (가수원동)","","","","대전|무장애여행|문화시설|wheelchair|mobility_access|visual_impairment","tourapi:KorWithService2:130802","95a9bd58-6fca-4d2c-a3e6-2e99d7c32fc9","51a084f2-f96c-4efb-9954-608ddbce4c7a","대전 가수원도서관은/는 대전 지역의 문화시설 콘텐츠입니다. 주소는 대전광역시 서구 가수원로 91-11 (가수원동)입니다. 무장애 접근성 정보는 장애인 주차: 장애인 전용 주차 가능_무장애 편의시설, 대중교통: 출입구까지 경사로 설치되어 있음, 엘리베이터: 엘리베이터 있음(점자블록,점자번호판), 장애인 화장실: 장애인 전용 화장실 있음(2,3,4층), 점자블록: 점자블록 있음(입구,계단 등)_시각장애인 편의시설, 오디오 가이드: 오디오 컨텐츠 있음, 점자 홍보물: 점자도서 있음입니다. 휠체어 또는 이동약자 관련 근거가 있는 장소로 분류했습니다. 현장 운영 상황과 편의시설 사용 가능 여부는 방문 전에 공식 안내처로 다시 확인해야 합니다.","2026-06-23T12:12:21.407Z","2026-06-08T16:01:56.789811+00:00"
"59","","한국관광공사 TourAPI","대덕문예회관","문화시설","대전광역시 대덕구 대전로 1348 (읍내동)","","","","대전|무장애여행|문화시설|wheelchair|mobility_access","tourapi:KorWithService2:1747497","d7c96b5e-7672-4b7f-bedc-e42c0e4bc3cf","bf417935-3205-49dd-ba0c-20df7cb0baf3","대덕문예회관은/는 대전 지역의 문화시설 콘텐츠입니다. 주소는 대전광역시 대덕구 대전로 1348 (읍내동)입니다. 무장애 접근성 정보는 장애인 주차: 장애인 전용 주차공간 있음_무장애 편의시설, 대중교통: 출입구까지 단차 없이 평지로 연결 됨, 출입통로: 주출입구 휠체어 통과 가능함, 엘리베이터: 장애인 전용 엘리베이터 있음, 장애인 화장실: 장애인 전용 화장실 있음입니다. 휠체어 또는 이동약자 관련 근거가 있는 장소로 분류했습니다. 현장 운영 상황과 편의시설 사용 가능 여부는 방문 전에 공식 안내처로 다시 확인해야 합니다.","2026-06-23T12:12:22.592Z","2026-06-08T16:01:56.917354+00:00"
"60","","한국관광공사 TourAPI","대전 중구문화원","문화시설","대전광역시 중구 대흥로 109 (대흥동)","","","","대전|무장애여행|문화시설|wheelchair|mobility_access|visual_impairment","tourapi:KorWithService2:129973","76a3b3cb-916b-4fa9-a3a6-bcd805182937","c452cc27-84bb-4946-a8c6-6b5f49367adc","대전 중구문화원은/는 대전 지역의 문화시설 콘텐츠입니다. 주소는 대전광역시 중구 대흥로 109 (대흥동)입니다. 무장애 접근성 정보는 장애인 주차: 장애인 전용 주차가능(1대)_무장애 편의시설, 대중교통: 출입구까지 경사로가 설치되어 있음, 출입통로: 주출입구는 경사로가 있어 휠체어 접근 가능함, 엘리베이터: 장애인용 엘리베이터 있음, 장애인 화장실: 장애인 전용 화장실 있음(1층), 관람석: 공연장 장애인 전용 관람석 있음(A열 맨 앞 좌측), 점자블록: 점자블록 있음_시각장애인 편의시설, 유도 안내 설비: 점자손잡이 있음(계단손잡이)입니다. 휠체어 또는 이동약자 관련 근거가 있는 장소로 분류했습니다. 현장 운영 상황과 편의시설 사용 가능 여부는 방문 전에 공식 안내처로 다시 확인해야 합니다.","2026-06-23T12:12:22.665Z","2026-06-08T16:01:57.029526+00:00"
"61","","한국관광공사 TourAPI","계룡산 수통골","레포츠","대전광역시 유성구 수통골로 47-3","","","","대전|무장애여행|레포츠|wheelchair|mobility_access","tourapi:KorWithService2:2407314","610a1381-57d0-49a0-a683-e07fb6a46c2d","b3b5c7b8-d4e5-4851-911a-f481744f9f82","계룡산 수통골은/는 대전 지역의 레포츠 콘텐츠입니다. 주소는 대전광역시 유성구 수통골로 47-3입니다. 무장애 접근성 정보는 장애인 주차: 장애인 전용 주차구역 있음(3대)_무장애 편의시설, 대중교통: 수통골 무장애탐방로 구간 있음(일부구간), 장애인 화장실: 장애인 전용 화장실 있음(주차장화장실,지원센터)입니다. 휠체어 또는 이동약자 관련 근거가 있는 장소로 분류했습니다. 현장 운영 상황과 편의시설 사용 가능 여부는 방문 전에 공식 안내처로 다시 확인해야 합니다.","2026-06-23T12:12:22.746Z","2026-06-08T16:01:57.140187+00:00"
"62","","한국관광공사 TourAPI","3.8민주의거기념관","관광지","대전광역시 중구 선화서로 46 (선화동)","","","","대전|무장애여행|관광지|wheelchair|mobility_access","tourapi:KorWithService2:3455349","1d590e40-ca20-436c-a5c6-a338e015acc2","7e75d643-fee4-4620-a815-5c1e23c7374d","3.8민주의거기념관은/는 대전 지역의 관광지 콘텐츠입니다. 주소는 대전광역시 중구 선화서로 46 (선화동)입니다. 무장애 접근성 정보는 장애인 주차: 장애인 주차장 있음, 매표소: 매표소 있음, 엘리베이터: 엘리베이터 있음, 장애인 화장실: 장애인 화장실 있음입니다. 휠체어 또는 이동약자 관련 근거가 있는 장소로 분류했습니다. 현장 운영 상황과 편의시설 사용 가능 여부는 방문 전에 공식 안내처로 다시 확인해야 합니다.","2026-06-23T12:12:22.847Z","2026-06-08T16:01:57.245318+00:00"
"63","","한국관광공사 TourAPI","경동오징어국수","음식점","대전광역시 동구 계족로 369 (성남동)","","","","대전|무장애여행|음식점|wheelchair|mobility_access|stroller","tourapi:KorWithService2:2580294","577edd34-7606-4f2e-a206-c9343f84197f","9608d074-590e-4860-9b5c-aefc429cfee0","경동오징어국수은/는 대전 지역의 음식점 콘텐츠입니다. 주소는 대전광역시 동구 계족로 369 (성남동)입니다. 무장애 접근성 정보는 대중교통: 테이블 간격이 넓어 휠체어, 전동 스쿠터 사용자 이용 쉬움.<br/>내부 턱 있음(좌식 공간 진입 시), 접근로: 대중교통 이용가능 : 스마트뷰아파트 정류장<br/>저상버스 운행 : 201, 501, 611, 615, 701번, 출입통로: 문의 형태 : 여닫이문<br/>출입통로가 넓어 휠체어, 전동 스쿠터 진입 쉬움.<br/>경사로 있음., 지체장애 기타: 의자식 테이블 있음, 유아용 보조의자: 유아용 보조의자 있음.입니다. 휠체어 또는 이동약자 관련 근거가 있는 장소로 분류했습니다. 유모차 또는 영유아 가족 관련 근거가 있는 장소로 분류했습니다. 현장 운영 상황과 편의시설 사용 가능 여부는 방문 전에 공식 안내처로 다시 확인해야 합니다.","2026-06-23T12:12:22.954Z","2026-06-08T16:01:57.349342+00:00"
"64","","한국관광공사 TourAPI","어반더쉐프","음식점","대전광역시 동구 동서대로1695번길 4 (용전동)","","","","대전|무장애여행|음식점|wheelchair|mobility_access|stroller","tourapi:KorWithService2:3457340","9b04de1a-fe43-4f41-b521-89bd794a174a","9734e5b5-4975-4054-9b41-425257eecfb0","어반더쉐프은/는 대전 지역의 음식점 콘텐츠입니다. 주소는 대전광역시 동구 동서대로1695번길 4 (용전동)입니다. 무장애 접근성 정보는 출입통로: 미닫이문, 엘리베이터: 엘리베이터 있음, 유아용 보조의자: 유아용보조의자 있음, 영유아가족 기타: 유아용식기 있음입니다. 휠체어 또는 이동약자 관련 근거가 있는 장소로 분류했습니다. 유모차 또는 영유아 가족 관련 근거가 있는 장소로 분류했습니다. 현장 운영 상황과 편의시설 사용 가능 여부는 방문 전에 공식 안내처로 다시 확인해야 합니다.","2026-06-23T12:12:23.046Z","2026-06-08T16:01:57.456692+00:00"
"65","","한국관광공사 TourAPI","국립대전숲체원","관광지","대전광역시 유성구 숲체원로 124 (성북동)","","","","대전|무장애여행|관광지|wheelchair|mobility_access|visual_impairment|stroller","tourapi:KorWithService2:2662681","4ab3b26a-cd5d-4766-85a1-4249f2b4eab1","0fc30223-a406-4216-9a1c-0db5a99b72fe","국립대전숲체원은/는 대전 지역의 관광지 콘텐츠입니다. 주소는 대전광역시 유성구 숲체원로 124 (성북동)입니다. 무장애 접근성 정보는 장애인 주차: 장애인 주차장 있음, 대중교통: 출입구까지 턱이 없어 휠체어 접근 가능함, 휠체어: 안내센터에서 대여 가능, 출입통로: 주출입구는 턱이 없어 휠체어 접근 가능함(수동문), 엘리베이터: 엘리베이터 있음(행정동, 채움관, 새솔관, 데크로드), 장애인 화장실: 장애인 화장실 있음(행정동, 강당, 채움관, 야외 화장실), 객실: 대여용 휠체어 5대 장애인객실 2실 보유, 지체장애 기타: 무장애 데크로드 있음, 점자블록: 건물입구, 계단, 엘리베이터 등 점자블록 있음, 안내요원: 안내센터 운영, 수유실: 행정동 지하1층입니다. 휠체어 또는 이동약자 관련 근거가 있는 장소로 분류했습니다. 유모차 또는 영유아 가족 관련 근거가 있는 장소로 분류했습니다. 현장 운영 상황과 편의시설 사용 가능 여부는 방문 전에 공식 안내처로 다시 확인해야 합니다.","2026-06-23T12:12:23.118Z","2026-06-08T16:01:57.570505+00:00"
"66","","한국관광공사 TourAPI","국립대전현충원 보훈둘레길","관광지","대전광역시 유성구 현충원로 251","","","","대전|무장애여행|관광지|wheelchair|mobility_access|visual_impairment","tourapi:KorWithService2:126003","0ed4a8b3-7b0c-4ca6-86bb-e5120ca7ca4f","8f798a9a-17d0-4ecb-9869-62aadab1cb07","국립대전현충원 보훈둘레길은/는 대전 지역의 관광지 콘텐츠입니다. 주소는 대전광역시 유성구 현충원로 251입니다. 무장애 접근성 정보는 장애인 주차: 장애인전용 주차구역 있음(14개)_무장애 편의시설, 대중교통: 주출입구 무단차 
현충관· 봉안관 등 시설내 출입문은 자동 또는 여닫이(쌍문)로 편리함
건물 복도가 1.8m 이상으로 휠체어 사용자 왕래가 편리함, 휠체어: 휠체어 대여 가능함, 장애인 화장실: 장애인 화장실 있음, 점자블록: 점자블록 있음, 안내요원: 안내요원 있음입니다. 휠체어 또는 이동약자 관련 근거가 있는 장소로 분류했습니다. 현장 운영 상황과 편의시설 사용 가능 여부는 방문 전에 공식 안내처로 다시 확인해야 합니다.","2026-06-23T12:12:23.201Z","2026-06-08T16:01:57.668945+00:00"
"67","","한국관광공사 TourAPI","꿀잼도시 대전홍보관","관광지","대전광역시 유성구 엑스포로 1 (도룡동)","","","","대전|무장애여행|관광지|wheelchair|mobility_access|stroller","tourapi:KorWithService2:3454325","ad011a18-87e4-4f2b-a7cd-f1598645f15b","0db3f54d-b769-4c4c-8d20-2b73e7ef5410","꿀잼도시 대전홍보관은/는 대전 지역의 관광지 콘텐츠입니다. 주소는 대전광역시 유성구 엑스포로 1 (도룡동)입니다. 무장애 접근성 정보는 장애인 주차: 장애인 주차장 있음, 휠체어: 휠체어 대여 가능함, 출입통로: 미닫이문, 엘리베이터: 앨리베이터 있음, 장애인 화장실: 1층을 제외한 각 층마다 장애인 화장실 있음, 유모차: 유모차 대여 가능함, 영유아가족 기타: 가족화장실 있음기저귀교환대 있음유아놀이방 있음입니다. 휠체어 또는 이동약자 관련 근거가 있는 장소로 분류했습니다. 유모차 또는 영유아 가족 관련 근거가 있는 장소로 분류했습니다. 현장 운영 상황과 편의시설 사용 가능 여부는 방문 전에 공식 안내처로 다시 확인해야 합니다.","2026-06-23T12:12:23.277Z","2026-06-08T16:01:57.796425+00:00"
"68","","한국관광공사 TourAPI","대전 별리달리돈까스","음식점","대전광역시 중구 중앙로156번길 28 (은행동)","","","","대전|무장애여행|음식점|wheelchair|mobility_access|stroller","tourapi:KorWithService2:3447047","928a89e9-06f9-4af6-93bb-acd4bd03e21b","f9fd32d8-4614-4167-861b-71d12157df4a","대전 별리달리돈까스은/는 대전 지역의 음식점 콘텐츠입니다. 주소는 대전광역시 중구 중앙로156번길 28 (은행동)입니다. 무장애 접근성 정보는 출입통로: 여닫이문, 유아용 보조의자: 유아용보조의자 있음, 영유아가족 기타: 유아용 보조식기 구비되어있음.입니다. 휠체어 또는 이동약자 관련 근거가 있는 장소로 분류했습니다. 유모차 또는 영유아 가족 관련 근거가 있는 장소로 분류했습니다. 현장 운영 상황과 편의시설 사용 가능 여부는 방문 전에 공식 안내처로 다시 확인해야 합니다.","2026-06-23T12:12:23.352Z","2026-06-08T16:01:57.913056+00:00"
"69","","한국관광공사 TourAPI","두두당","음식점","대전광역시 대덕구 대청로 234","","","","대전|무장애여행|음식점|wheelchair|mobility_access|visual_impairment|stroller","tourapi:KorWithService2:2899804","a5f7ae9d-3b41-4bfe-9e23-1284f40cd22b","d1b63bb0-2aba-40cc-8c8a-b35d70dbd82d","두두당은/는 대전 지역의 음식점 콘텐츠입니다. 주소는 대전광역시 대덕구 대청로 234입니다. 무장애 접근성 정보는 출입통로: 여닫이문, 보조견 동반: 보조견동반 가능함, 유아용 보조의자: 유아용보조의자 있음입니다. 휠체어 또는 이동약자 관련 근거가 있는 장소로 분류했습니다. 유모차 또는 영유아 가족 관련 근거가 있는 장소로 분류했습니다. 현장 운영 상황과 편의시설 사용 가능 여부는 방문 전에 공식 안내처로 다시 확인해야 합니다.","2026-06-23T12:12:23.432Z","2026-06-08T16:01:58.013959+00:00"
"70","","한국관광공사 TourAPI","대청댐","관광지","대전광역시 대덕구 대청로 618-136 (미호동)","","","","대전|무장애여행|관광지|wheelchair|mobility_access","tourapi:KorWithService2:127663","b3c52ac7-f318-4c4b-ac61-a308bcf7288d","132f5c87-3595-4229-8646-7087c2c514ce","대청댐은/는 대전 지역의 관광지 콘텐츠입니다. 주소는 대전광역시 대덕구 대청로 618-136 (미호동)입니다. 무장애 접근성 정보는 장애인 주차: 장애인 전용주차구역 있음_무장애 편의시설, 휠체어: 휠체어 대여 가능함(물문화관), 엘리베이터: 엘리베이터 있음, 장애인 화장실: 장애인 전용화장실 있음입니다. 휠체어 또는 이동약자 관련 근거가 있는 장소로 분류했습니다. 현장 운영 상황과 편의시설 사용 가능 여부는 방문 전에 공식 안내처로 다시 확인해야 합니다.","2026-06-23T12:12:23.551Z","2026-06-08T16:01:58.131611+00:00"
"71","","한국관광공사 TourAPI","라운지티 대전","음식점","대전광역시 대덕구 대덕대로1585번길 16 (석봉동)","","","","대전|무장애여행|음식점|wheelchair|mobility_access|visual_impairment|stroller","tourapi:KorWithService2:3446097","fbddd541-102b-4d6a-ae00-b858a4a36ba5","25893bbc-2e76-4347-9e75-2399247f1bb3","라운지티 대전은/는 대전 지역의 음식점 콘텐츠입니다. 주소는 대전광역시 대덕구 대덕대로1585번길 16 (석봉동)입니다. 무장애 접근성 정보는 장애인 주차: 지상에 1면 있음, 출입통로: 미닫이문, 상시개방, 엘리베이터: 엘리베이터 있음, 점자블록: 점자블록 있음, 보조견 동반: 보조견동반 가능함, 유아용 보조의자: 유아용보조의자 있음입니다. 휠체어 또는 이동약자 관련 근거가 있는 장소로 분류했습니다. 유모차 또는 영유아 가족 관련 근거가 있는 장소로 분류했습니다. 현장 운영 상황과 편의시설 사용 가능 여부는 방문 전에 공식 안내처로 다시 확인해야 합니다.","2026-06-23T12:12:23.638Z","2026-06-08T16:01:58.240817+00:00"
"72","","한국관광공사 TourAPI","정일품두손두부","음식점","대전광역시 서구 둔산대로117번길 34 (만년동)","","","","대전|무장애여행|음식점|wheelchair|mobility_access|stroller","tourapi:KorWithService2:3444834","03a667be-6ab2-4945-bb6d-0b5c70467372","c54fe3cf-3480-4921-aa45-7a13d047e09b","정일품두손두부은/는 대전 지역의 음식점 콘텐츠입니다. 주소는 대전광역시 서구 둔산대로117번길 34 (만년동)입니다. 무장애 접근성 정보는 장애인 주차: 지상에 1면 있음, 출입통로: 자동문, 유아용 보조의자: 유아용보조의자 있음, 영유아가족 기타: 유아용식기 있음입니다. 휠체어 또는 이동약자 관련 근거가 있는 장소로 분류했습니다. 유모차 또는 영유아 가족 관련 근거가 있는 장소로 분류했습니다. 현장 운영 상황과 편의시설 사용 가능 여부는 방문 전에 공식 안내처로 다시 확인해야 합니다.","2026-06-23T12:12:25.562Z","2026-06-08T16:01:58.364962+00:00"
"73","","한국관광공사 TourAPI","지질박물관","문화시설","대전광역시 유성구 과학로 124","","","","대전|무장애여행|문화시설|wheelchair|mobility_access|visual_impairment","tourapi:KorWithService2:130550","fcd03be0-9d59-4778-bb58-562883336139","d88a710b-2e7b-4245-9705-8e917f058264","지질박물관은/는 대전 지역의 문화시설 콘텐츠입니다. 주소는 대전광역시 유성구 과학로 124입니다. 무장애 접근성 정보는 대중교통: 출입구까지 단차가 없어 휠체어 접근 가능함, 출입통로: 주출입구는 단차라 없어 휠체어 접근 가능, 엘리베이터: 엘리베이터 있음, 장애인 화장실: 장애인 전용 화장실 있음(1층,비상벨,자동문스위치), 오디오 가이드: 전시해설 어플 사용가능 <br />
음성안내기 대여가능_시각장애인 편의시설입니다. 휠체어 또는 이동약자 관련 근거가 있는 장소로 분류했습니다. 현장 운영 상황과 편의시설 사용 가능 여부는 방문 전에 공식 안내처로 다시 확인해야 합니다.","2026-06-23T12:12:25.637Z","2026-06-08T16:01:58.47465+00:00"
"74","","한국관광공사 TourAPI","피터커피","음식점","대전광역시 서구 둔산로123번길 21 (둔산동) M시티타워 1층 피터커피","","","","대전|무장애여행|음식점|wheelchair|mobility_access|stroller","tourapi:KorWithService2:3452654","5e7725ea-4935-420c-ac1a-5a2560e263c4","04c3bf99-d161-47f4-add8-ca7f1724f0bb","피터커피은/는 대전 지역의 음식점 콘텐츠입니다. 주소는 대전광역시 서구 둔산로123번길 21 (둔산동) M시티타워 1층 피터커피입니다. 무장애 접근성 정보는 장애인 주차: 장애인 주차장 있음 (1대), 출입통로: 여닫이문, 엘리베이터: 엘리베이터 있음, 장애인 화장실: 장애인 화장실 있음, 영유아가족 기타: 유아거치대 있음입니다. 휠체어 또는 이동약자 관련 근거가 있는 장소로 분류했습니다. 유모차 또는 영유아 가족 관련 근거가 있는 장소로 분류했습니다. 현장 운영 상황과 편의시설 사용 가능 여부는 방문 전에 공식 안내처로 다시 확인해야 합니다.","2026-06-23T12:12:25.716Z","2026-06-08T16:01:58.578798+00:00"
"75","","한국관광공사 TourAPI","석봉도서관","문화시설","대전광역시 대덕구 대덕대로 1579 (석봉동)","","","","대전|무장애여행|문화시설|wheelchair|mobility_access|visual_impairment|stroller","tourapi:KorWithService2:3443300","a52127c1-b1e2-476e-9ade-87ebdbc06344","164da1ce-0314-468c-8f46-5086ff0cd596","석봉도서관은/는 대전 지역의 문화시설 콘텐츠입니다. 주소는 대전광역시 대덕구 대덕대로 1579 (석봉동)입니다. 무장애 접근성 정보는 장애인 주차: 장애인 주차장 있음, 엘리베이터: 엘리베이터 있음, 장애인 화장실: 장애인 화장실 있음
손잡이, 등받이, 자동물내림, 비상 호출벨, 영유아 거치대 있음, 점자블록: 화장실 출입구 앞 점자블록 있음, 수유실: 수유실 있음, 귀저기 교환대 있음, 영유아가족 기타: 유아용 화장실 (가족 화장실), 유아 놀이방, 유아차 보관소 있음입니다. 휠체어 또는 이동약자 관련 근거가 있는 장소로 분류했습니다. 유모차 또는 영유아 가족 관련 근거가 있는 장소로 분류했습니다. 현장 운영 상황과 편의시설 사용 가능 여부는 방문 전에 공식 안내처로 다시 확인해야 합니다.","2026-06-23T12:12:26.688Z","2026-06-08T16:01:58.692781+00:00"
"76","","한국관광공사 TourAPI","대전한밭도서관","문화시설","대전광역시 중구 서문로 10","","","","대전|무장애여행|문화시설|wheelchair|mobility_access|visual_impairment|hearing_impairment","tourapi:KorWithService2:130760","1b147999-f247-40e9-86c9-8f214d40c6bd","1cc72f74-2949-4d6f-87b7-f50c2bd65f5b","대전한밭도서관은/는 대전 지역의 문화시설 콘텐츠입니다. 주소는 대전광역시 중구 서문로 10입니다. 무장애 접근성 정보는 장애인 주차: 장애인 전용 주차구역 있음_무장애 편의시설, 대중교통: 출입구까지 경사로가 설치되어 있음, 출입통로: 주출입구는 단차가 없어 휠체어 접근 가능함, 엘리베이터: 엘리베이터 있음, 장애인 화장실: 장애인 전용 화장실 있음(1층 엘리베이터 옆), 점자블록: 점자블록 있음(주출입구,엘리베이터,화장실 앞)_시각장애인 편의시설, 점자 홍보물: 점자안내판 있음, 시각장애 기타: 시각장애인실 운영 (열람석 20석, 문의 042-580-4415), 청각장애 기타: 녹음도서 이용가능(시각장애인실 내)_청각장애인 편의시설입니다. 휠체어 또는 이동약자 관련 근거가 있는 장소로 분류했습니다. 현장 운영 상황과 편의시설 사용 가능 여부는 방문 전에 공식 안내처로 다시 확인해야 합니다.","2026-06-23T12:12:28.392Z","2026-06-08T16:01:58.798733+00:00"
"77","","한국관광공사 TourAPI","부추해물칼국수","음식점","대전광역시 대덕구 신탄진로804번길 31 (신탄진동)","","","","대전|무장애여행|음식점|wheelchair|mobility_access","tourapi:KorWithService2:2581103","bdd97963-62a9-434c-95c7-c07049f7af92","fa8f8a46-54c9-4481-ab49-8d9fc8766444","부추해물칼국수은/는 대전 지역의 음식점 콘텐츠입니다. 주소는 대전광역시 대덕구 신탄진로804번길 31 (신탄진동)입니다. 무장애 접근성 정보는 대중교통: 출입구까지 경사로가 설치되어 있음_무장애 편의시설, 출입통로: 주출입구는 경사로가 있어 휠체어 접근 가능함(수동문), 지체장애 기타: 의자식 테이블 있음입니다. 휠체어 또는 이동약자 관련 근거가 있는 장소로 분류했습니다. 현장 운영 상황과 편의시설 사용 가능 여부는 방문 전에 공식 안내처로 다시 확인해야 합니다.","2026-06-23T12:12:29.046Z","2026-06-08T16:01:58.90001+00:00"
"78","","한국관광공사 TourAPI","이응노 미술관","문화시설","대전광역시 서구 둔산대로 157 (만년동)","","","","대전|무장애여행|문화시설|wheelchair|mobility_access|visual_impairment|stroller","tourapi:KorWithService2:590097","22b41c4c-71bb-48fe-894b-70c170aff7bc","341eb8f9-2475-4293-9a1a-df35542ada47","이응노 미술관은/는 대전 지역의 문화시설 콘텐츠입니다. 주소는 대전광역시 서구 둔산대로 157 (만년동)입니다. 무장애 접근성 정보는 장애인 주차: 장애인 주차장 있음_무장애 편의시설, 대중교통: 출입구까지 경사로가 설치되어 있음, 휠체어: 대여가능(사전문의), 출입통로: 주출입구는 경사로가 있어 휠체어 접근 가능함(수동문), 장애인 화장실: 장애인 화장실 있음, 점자블록: 점자블록 있음(주요시설 앞)<br />
점자유도로 있음_시각장애인 편의시설, 안내요원: 안내요원 있음(안내데스크), 유모차: 대여가능(4대)입니다. 휠체어 또는 이동약자 관련 근거가 있는 장소로 분류했습니다. 유모차 또는 영유아 가족 관련 근거가 있는 장소로 분류했습니다. 현장 운영 상황과 편의시설 사용 가능 여부는 방문 전에 공식 안내처로 다시 확인해야 합니다.","2026-06-23T12:12:29.131Z","2026-06-08T16:01:59.011904+00:00"
"79","","한국관광공사 TourAPI","완도수산","음식점","대전광역시 유성구 반석로 10","","","","대전|무장애여행|음식점|wheelchair|mobility_access","tourapi:KorWithService2:1924026","bb8b335e-5bb6-4282-ad67-e9b23c731be1","79ff70f4-54bf-4e21-a672-cd64d29b6b97","완도수산은/는 대전 지역의 음식점 콘텐츠입니다. 주소는 대전광역시 유성구 반석로 10입니다. 무장애 접근성 정보는 대중교통: 출입구까지 턱이 없어 휠체어 접근 가능함, 출입통로: 주출입구는 턱이 없어 휠체어 접근 가능함(수동문), 지체장애 기타: 의자식 테이블 있음_무장애 편의시설입니다. 휠체어 또는 이동약자 관련 근거가 있는 장소로 분류했습니다. 현장 운영 상황과 편의시설 사용 가능 여부는 방문 전에 공식 안내처로 다시 확인해야 합니다.","2026-06-23T12:12:29.957Z","2026-06-08T16:01:59.118631+00:00"
"80","","한국관광공사 TourAPI","대전대학교박물관","문화시설","대전광역시 동구 대학로 62 대전대학교","","","","대전|무장애여행|문화시설|wheelchair|mobility_access|visual_impairment","tourapi:KorWithService2:129836","0e65dcc3-8b2c-4539-b5be-039c84432420","7cd12987-62e9-4f13-9ffd-e40de6a85646","대전대학교박물관은/는 대전 지역의 문화시설 콘텐츠입니다. 주소는 대전광역시 동구 대학로 62 대전대학교입니다. 무장애 접근성 정보는 장애인 주차: 장애인 전용 주차구역 있음(2대)_무장애 편의시설, 대중교통: 출입구까지 단차 없이 연결 됨, 출입통로: 주출입구는 무단차로 휠체어 접근 가능함(자동문), 엘리베이터: 엘리베이터 있음, 장애인 화장실: 장애인 전용 화장실 있음(1층), 점자블록: 점자블록 있음(입구,엘리베이터)_시각장애인 편의시설입니다. 휠체어 또는 이동약자 관련 근거가 있는 장소로 분류했습니다. 현장 운영 상황과 편의시설 사용 가능 여부는 방문 전에 공식 안내처로 다시 확인해야 합니다.","2026-06-23T12:12:30.047Z","2026-06-08T16:01:59.231132+00:00"
"81","","한국관광공사 TourAPI","대성콩국수","음식점","대전광역시 서구 도산로 141","","","","대전|무장애여행|음식점|wheelchair|mobility_access|visual_impairment","tourapi:KorWithService2:2899585","4e5ea916-37c4-4c24-a784-19834e27c613","c8bb8ab5-80d3-4702-b000-401e9946bd9e","대성콩국수은/는 대전 지역의 음식점 콘텐츠입니다. 주소는 대전광역시 서구 도산로 141입니다. 무장애 접근성 정보는 대중교통: 테이블 간격이 넓음. 방문 시, 휠체어 사용자 이용 쉬움.<br/>내부 턱 없음., 접근로: 대중교통 이용가능 : 구농도원 정류장.<br/>저상버스 운행 : 113, 119, 211, 703번, 출입통로: 문의 형태 : 여닫이문.<br/>출입통로가 넓어, 휠체어, 전동 스쿠터 진입 쉬움., 엘리베이터: 엘리베이터 있음, 지체장애 기타: 의자식 테이블 있음_무장애 편의시설, 점자블록: 점자블록 있음(주요시설 앞)_시각장애인 편의시설입니다. 휠체어 또는 이동약자 관련 근거가 있는 장소로 분류했습니다. 현장 운영 상황과 편의시설 사용 가능 여부는 방문 전에 공식 안내처로 다시 확인해야 합니다.","2026-06-23T12:12:30.558Z","2026-06-08T16:01:59.342769+00:00"
"82","","한국관광공사 TourAPI","노크노크","음식점","대전광역시 서구 둔산로 68 (둔산동) 두드림 사옥 1층","","","","대전|무장애여행|음식점|wheelchair|mobility_access|stroller","tourapi:KorWithService2:3452550","3ef33e86-f7c7-434b-b246-9ccec46c1272","55a48009-c859-4534-aa51-178d87c73639","노크노크은/는 대전 지역의 음식점 콘텐츠입니다. 주소는 대전광역시 서구 둔산로 68 (둔산동) 두드림 사옥 1층입니다. 무장애 접근성 정보는 장애인 주차: 장애인 주차장 있음, 출입통로: 여닫이문, 엘리베이터: 엘리베이터 있음, 장애인 화장실: 장애인 화장실 있음, 영유아가족 기타: 영유아거치대 있음입니다. 휠체어 또는 이동약자 관련 근거가 있는 장소로 분류했습니다. 유모차 또는 영유아 가족 관련 근거가 있는 장소로 분류했습니다. 현장 운영 상황과 편의시설 사용 가능 여부는 방문 전에 공식 안내처로 다시 확인해야 합니다.","2026-06-23T12:12:31.452Z","2026-06-08T16:01:59.442645+00:00"
"83","","한국관광공사 TourAPI","인쇄거리","관광지","대전광역시 동구 중앙로203번길 82-1 (정동)","","","","대전|무장애여행|관광지|wheelchair|mobility_access|visual_impairment","tourapi:KorWithService2:1623668","6a7a786b-9cc7-419f-8571-cb44bf84ffba","94cade1f-4a5c-4c97-8e04-0eb9a2d6208f","인쇄거리은/는 대전 지역의 관광지 콘텐츠입니다. 주소는 대전광역시 동구 중앙로203번길 82-1 (정동)입니다. 무장애 접근성 정보는 대중교통: 출입구까지 턱이 없어 휠체어 접근 가능함, 출입통로: 출입구는 턱이 없어 휠체어 접근 가능함_무장애 편의시설, 보조견 동반: 동반가능_시각장애인 편의시설입니다. 휠체어 또는 이동약자 관련 근거가 있는 장소로 분류했습니다. 현장 운영 상황과 편의시설 사용 가능 여부는 방문 전에 공식 안내처로 다시 확인해야 합니다.","2026-06-23T12:12:31.552Z","2026-06-08T16:01:59.562308+00:00"
"84","","한국관광공사 TourAPI","충남대학교 정심화국제문화회관","문화시설","대전광역시 유성구 대학로 99 (궁동)","","","","대전|무장애여행|문화시설|wheelchair|mobility_access|visual_impairment","tourapi:KorWithService2:1167117","64c040d9-94ca-42eb-8acf-cb41382d8fe4","20c77c97-2f5d-4563-ae3f-ce0982fa1d2d","충남대학교 정심화국제문화회관은/는 대전 지역의 문화시설 콘텐츠입니다. 주소는 대전광역시 유성구 대학로 99 (궁동)입니다. 무장애 접근성 정보는 장애인 주차: 장애인 주차장 있음(4대, 문화회관주차장, 장애인표지판)_무장애 편의시설, 대중교통: 주차장에서 출입구까지 계단 없이 평지(아스팔트)로 연결됨, 출입통로: 주출입구에 경사로가 완만하게 설치되어 있음, 장애인 화장실: 장애인 화장실 있음(1층, 점자촉지도), 점자블록: 점자블록 있음(계단, 경사로, 화장실 앞 등)_시각장애인 편의시설, 유도 안내 설비: 점자 안내판 있음(음성안내 지원),점자 손잡이 있음(계단, 경사로)입니다. 휠체어 또는 이동약자 관련 근거가 있는 장소로 분류했습니다. 현장 운영 상황과 편의시설 사용 가능 여부는 방문 전에 공식 안내처로 다시 확인해야 합니다.","2026-06-23T12:12:31.626Z","2026-06-08T16:01:59.67096+00:00"
"85","","한국관광공사 TourAPI","대전시립박물관","문화시설","대전광역시 유성구 도안대로 398 (상대동)","","","","대전|무장애여행|문화시설|wheelchair|mobility_access|visual_impairment|stroller","tourapi:KorWithService2:1907589","6b52cba2-f3a6-4b7e-8713-e9df38988016","4a43139e-6518-46c2-9254-cf00f66628f5","대전시립박물관은/는 대전 지역의 문화시설 콘텐츠입니다. 주소는 대전광역시 유성구 도안대로 398 (상대동)입니다. 무장애 접근성 정보는 장애인 주차: 장애인전용주차구역 있음_무장애 편의시설, 휠체어: 휠체어 무료대여가능 (안내데스크), 엘리베이터: 엘리베이터있음, 장애인 화장실: 장애인전용화장실 있음(층마다구비), 점자블록: 점자블록설치됨, 유모차: 유모차무료대여가능 (안내데스크, 4대구비), 수유실: 수유실있음( 1층 화장실옆)입니다. 휠체어 또는 이동약자 관련 근거가 있는 장소로 분류했습니다. 유모차 또는 영유아 가족 관련 근거가 있는 장소로 분류했습니다. 현장 운영 상황과 편의시설 사용 가능 여부는 방문 전에 공식 안내처로 다시 확인해야 합니다.","2026-06-23T12:12:31.708Z","2026-06-08T16:01:59.77681+00:00"
"86","","한국관광공사 TourAPI","만나","음식점","대전광역시 중구 대흥로 138","","","","대전|무장애여행|음식점|wheelchair|mobility_access|visual_impairment|stroller","tourapi:KorWithService2:690413","20431f56-0df1-430b-bf48-e9d21faa0277","e89de7d3-e200-411b-a0f8-8a9f1bb3be59","만나은/는 대전 지역의 음식점 콘텐츠입니다. 주소는 대전광역시 중구 대흥로 138입니다. 무장애 접근성 정보는 장애인 주차: 장애인 주차장 있음(3대)_무장애 편의정보, 대중교통: 출입구까지 경사로가 설치되어 있음(완만함), 출입통로: 주 출입구에 경사로 설치되어 있음(자동문), 점자블록: 점자블록 있음(주 출입구)_시각장애인 편의시설, 유아용 보조의자: 구비(2대), 영유아가족 기타: 유아 식기 있음입니다. 휠체어 또는 이동약자 관련 근거가 있는 장소로 분류했습니다. 유모차 또는 영유아 가족 관련 근거가 있는 장소로 분류했습니다. 현장 운영 상황과 편의시설 사용 가능 여부는 방문 전에 공식 안내처로 다시 확인해야 합니다.","2026-06-08T16:01:45.248Z","2026-06-08T16:01:59.884855+00:00"
"87","","한국관광공사 TourAPI","대전선사박물관","문화시설","대전광역시 유성구 노은동로 126 (노은동)","","","","대전|무장애여행|문화시설|wheelchair|mobility_access|visual_impairment|stroller","tourapi:KorWithService2:1066804","a92d8aef-236e-4607-aa2f-7b847b33561a","c34fc20a-6ab6-47d2-953d-1dbfa215f6ad","대전선사박물관은/는 대전 지역의 문화시설 콘텐츠입니다. 주소는 대전광역시 유성구 노은동로 126 (노은동)입니다. 무장애 접근성 정보는 대중교통: 출입구까지 턱이 없어 휠체어 접근 가능함(수동문)_무장애 편의시설, 휠체어: 대여가능, 출입통로: 주출입구는 턱이 없어 휠체어 접근 가능함, 엘리베이터: 장애인 엘리베이터 있음, 장애인 화장실: 장애인 화장실 있음(1층), 점자블록: 점자유도로 있음(주 출입구 앞)<br />
점자블록 있음(주 출입구 앞, 엘리베이터 앞)_시각장애인 편의시설, 유모차: 대여가능(30개월 미만 유아 사용가능)입니다. 휠체어 또는 이동약자 관련 근거가 있는 장소로 분류했습니다. 유모차 또는 영유아 가족 관련 근거가 있는 장소로 분류했습니다. 현장 운영 상황과 편의시설 사용 가능 여부는 방문 전에 공식 안내처로 다시 확인해야 합니다.","2026-06-23T12:12:32.376Z","2026-06-08T16:01:59.986593+00:00"
"88","","한국관광공사 TourAPI","상소오토캠핑장","레포츠","대전광역시 동구 산내로 748 (상소동)","","","","대전|무장애여행|레포츠|wheelchair|mobility_access","tourapi:KorWithService2:2727458","fbe50c69-6100-4a66-a461-de3a91d61749","d9e8677f-836e-4bb9-9f65-4301d33bd023","상소오토캠핑장은/는 대전 지역의 레포츠 콘텐츠입니다. 주소는 대전광역시 동구 산내로 748 (상소동)입니다. 무장애 접근성 정보는 장애인 주차: 장애인 주차장 있음_무장애 편의시설, 대중교통: 출입구까지 턱이 없어 휠체어 접근 가능함, 출입통로: 주출입구는 턱이 없어 휠체어 접근 가능함, 장애인 화장실: 장애인 화장실 있음(수동문)입니다. 휠체어 또는 이동약자 관련 근거가 있는 장소로 분류했습니다. 현장 운영 상황과 편의시설 사용 가능 여부는 방문 전에 공식 안내처로 다시 확인해야 합니다.","2026-06-23T12:12:32.451Z","2026-06-08T16:02:00.090132+00:00"
"89","","한국관광공사 TourAPI","리원","음식점","대전광역시 유성구 테크노중앙로 155","","","","대전|무장애여행|음식점|wheelchair|mobility_access|stroller","tourapi:KorWithService2:1925335","9ac051e1-c54e-40d7-8825-95e7252d39c9","cca52835-196e-4740-8b00-c4e889ad4640","리원은/는 대전 지역의 음식점 콘텐츠입니다. 주소는 대전광역시 유성구 테크노중앙로 155입니다. 무장애 접근성 정보는 대중교통: 출입구까지 턱이 없어 휠체어 접근 가능함, 출입통로: 주출입구는 턱이 없어 휠체어 접근 가능함(자동문), 엘리베이터: 엘리베이터 있음, 지체장애 기타: 의자식 테이블 있음_무장애 편의시설, 유아용 보조의자: 구비입니다. 휠체어 또는 이동약자 관련 근거가 있는 장소로 분류했습니다. 유모차 또는 영유아 가족 관련 근거가 있는 장소로 분류했습니다. 현장 운영 상황과 편의시설 사용 가능 여부는 방문 전에 공식 안내처로 다시 확인해야 합니다.","2026-06-23T12:12:34.933Z","2026-06-08T16:02:00.212709+00:00"
"90","","한국관광공사 TourAPI","라빈고양이카페","음식점","대전광역시 유성구 원신흥남로41번길 66 (원신흥동) 1층","","","","대전|무장애여행|음식점|wheelchair|mobility_access","tourapi:KorWithService2:2735322","1855f9d4-cd47-4e75-9357-afc0bc0d27f1","97e63810-c146-409c-a95e-40f03321abb3","라빈고양이카페은/는 대전 지역의 음식점 콘텐츠입니다. 주소는 대전광역시 유성구 원신흥남로41번길 66 (원신흥동) 1층입니다. 무장애 접근성 정보는 대중교통: 출입구까지 턱이 없어 휠체어 접근 가능함, 출입통로: 주출입구는 턱이 없어 휠체어 접근 가능함(수동문), 지체장애 기타: 의자식 테이블 있음_무장애 편의시설입니다. 휠체어 또는 이동약자 관련 근거가 있는 장소로 분류했습니다. 현장 운영 상황과 편의시설 사용 가능 여부는 방문 전에 공식 안내처로 다시 확인해야 합니다.","2026-06-23T12:12:35.724Z","2026-06-08T16:02:00.331415+00:00"
"91","","한국관광공사 TourAPI","온천칼국수","음식점","대전광역시 유성구 온천북로 61 (봉명동)","","","","대전|무장애여행|음식점|wheelchair|mobility_access|visual_impairment|stroller","tourapi:KorWithService2:2734919","674589b5-c0df-4153-a621-1596bfb68426","4b072d62-e14e-4307-9d10-4b577ca070a5","온천칼국수은/는 대전 지역의 음식점 콘텐츠입니다. 주소는 대전광역시 유성구 온천북로 61 (봉명동)입니다. 무장애 접근성 정보는 대중교통: 출입구까지 턱이 없어 휠체어 접근 가능함, 출입통로: 주출입구는 턱이 없어 휠체어 접근 가능함(수동문), 지체장애 기타: 의자식 테이블 있음_무장애 편의시설, 점자블록: 점자블록 있음(주출입구)_시각장애인 편의시설, 유아용 보조의자: 구비입니다. 휠체어 또는 이동약자 관련 근거가 있는 장소로 분류했습니다. 유모차 또는 영유아 가족 관련 근거가 있는 장소로 분류했습니다. 현장 운영 상황과 편의시설 사용 가능 여부는 방문 전에 공식 안내처로 다시 확인해야 합니다.","2026-06-23T12:12:38.329Z","2026-06-08T16:02:00.45809+00:00"
"92","","한국관광공사 TourAPI","케이인하우스","음식점","대전광역시 유성구 봉명로 27-27 (원신흥동) 3층","","","","대전|무장애여행|음식점|wheelchair|mobility_access|visual_impairment","tourapi:KorWithService2:2734912","4a544f42-fd30-413e-bbb4-d08cfe17ac73","7901916f-da31-4a32-8bf3-4aa136fb93f8","케이인하우스은/는 대전 지역의 음식점 콘텐츠입니다. 주소는 대전광역시 유성구 봉명로 27-27 (원신흥동) 3층입니다. 무장애 접근성 정보는 대중교통: 출입구까지 턱이 없어 휠체어 접근 가능함, 출입통로: 주출입구는 턱이 없어 휠체어 접근 가능함(수동문), 엘리베이터: 엘리베이터 있음, 지체장애 기타: 의자식 테이블 있음_무장애 편의시설, 점자블록: 점자블록 있음(주출입구)_시각장애인 편의시설입니다. 휠체어 또는 이동약자 관련 근거가 있는 장소로 분류했습니다. 현장 운영 상황과 편의시설 사용 가능 여부는 방문 전에 공식 안내처로 다시 확인해야 합니다.","2026-06-23T12:12:38.757Z","2026-06-08T16:02:00.56256+00:00"
"93","","한국관광공사 TourAPI","유성장(4, 9일)","쇼핑","대전광역시 유성구 유성대로730번길 24 (장대동)","","","","대전|무장애여행|쇼핑|wheelchair|mobility_access|visual_impairment","tourapi:KorWithService2:132259","62001f93-c816-4548-88dd-f7e1ee0a470b","7203069d-9299-43d5-97c2-e8639237c39c","유성장(4, 9일)은/는 대전 지역의 쇼핑 콘텐츠입니다. 주소는 대전광역시 유성구 유성대로730번길 24 (장대동)입니다. 무장애 접근성 정보는 장애인 주차: 장애인 주차장 있음(공용주차장)_무장애 편의시설, 대중교통: 출입구까지 턱이 없어 휠체어 접근 가능함, 출입통로: 주출입구는 턱이 없어 휠체어 접근 가능함, 보조견 동반: 동반가능_시각장애인 편의시설입니다. 휠체어 또는 이동약자 관련 근거가 있는 장소로 분류했습니다. 현장 운영 상황과 편의시설 사용 가능 여부는 방문 전에 공식 안내처로 다시 확인해야 합니다.","2026-06-23T12:12:40.008Z","2026-06-08T16:02:00.67839+00:00"
"94","","한국관광공사 TourAPI","장동산림욕장","관광지","대전광역시 대덕구 산디로 79-70","","","","대전|무장애여행|관광지|wheelchair|mobility_access","tourapi:KorWithService2:705678","1d6e86fa-ba1b-4b94-a491-616826cd3904","23f5ae92-cb88-46d5-a2a5-795fc47736c7","장동산림욕장은/는 대전 지역의 관광지 콘텐츠입니다. 주소는 대전광역시 대덕구 산디로 79-70입니다. 무장애 접근성 정보는 장애인 화장실: 장애인 화장실 있음_무장애 편의시설입니다. 휠체어 또는 이동약자 관련 근거가 있는 장소로 분류했습니다. 현장 운영 상황과 편의시설 사용 가능 여부는 방문 전에 공식 안내처로 다시 확인해야 합니다.","2026-06-23T12:12:40.103Z","2026-06-08T16:02:00.786962+00:00"
"95","","한국관광공사 TourAPI","보문산 행복 숲 둘레길","관광지","대전광역시 중구 대사동 192-7","","","","대전|무장애여행|관광지|wheelchair|mobility_access|visual_impairment","tourapi:KorWithService2:127542","37369144-c2d6-4ca4-a083-feea2982810b","82aad41f-650a-4abe-a04c-f53179feb1fa","보문산 행복 숲 둘레길은/는 대전 지역의 관광지 콘텐츠입니다. 주소는 대전광역시 중구 대사동 192-7입니다. 무장애 접근성 정보는 장애인 주차: 장애인전용 주차구역 있음(12개)_무장애 편의시설, 장애인 화장실: 장애인 화장실 있음(5개), 점자블록: 화장실에 점자블록 있음, 유도 안내 설비: 화장실 앞에는 시각장애인을 위한 유도표시가 있음입니다. 휠체어 또는 이동약자 관련 근거가 있는 장소로 분류했습니다. 현장 운영 상황과 편의시설 사용 가능 여부는 방문 전에 공식 안내처로 다시 확인해야 합니다.","2026-06-23T12:12:40.224Z","2026-06-08T16:02:00.894562+00:00"
"96","","한국관광공사 TourAPI","대전컨벤션센터(DCC)","문화시설","대전광역시 유성구 엑스포로 107 대전컨벤션센터","","","","대전|무장애여행|문화시설|wheelchair|mobility_access|visual_impairment","tourapi:KorWithService2:644085","3ffb467d-7216-40f5-931a-c85ce7ac2ac6","5c71cbd4-0055-478d-bfd5-d5137c0bc7f8","대전컨벤션센터(DCC)은/는 대전 지역의 문화시설 콘텐츠입니다. 주소는 대전광역시 유성구 엑스포로 107 대전컨벤션센터입니다. 무장애 접근성 정보는 장애인 주차: 장애인 전용 주차구역 있음(지상,지하주차장)_장애인 편의시설, 대중교통: 출입구까지 단차가 없어어 휠체어 접근 가능함(수동문), 출입통로: 주출입구는 단차가 없어 휠체어 접근 가능함, 엘리베이터: 엘리베이터 있음, 장애인 화장실: 장애인 전용 화장실 있음(남녀분리), 점자블록: 점자블록 있음(주출입구,화장실 앞)_시각장애인 편의시설입니다. 휠체어 또는 이동약자 관련 근거가 있는 장소로 분류했습니다. 현장 운영 상황과 편의시설 사용 가능 여부는 방문 전에 공식 안내처로 다시 확인해야 합니다.","2026-06-23T12:12:40.295Z","2026-06-08T16:02:01.000675+00:00"
"97","","한국관광공사 TourAPI","여진불교미술관","문화시설","대전광역시 유성구 엑스포로 624 (탑립동)","","","","대전|무장애여행|문화시설|wheelchair|mobility_access","tourapi:KorWithService2:1066785","28b84555-f535-4631-9b70-f517d142d9e1","dae85c88-f547-485e-ae72-dc347ba10f16","여진불교미술관은/는 대전 지역의 문화시설 콘텐츠입니다. 주소는 대전광역시 유성구 엑스포로 624 (탑립동)입니다. 무장애 접근성 정보는 장애인 주차: 장애인 전용 주차구역 있음_무장애 편의시설, 대중교통: 출입구까지 경사로가 설치되어 있음, 출입통로: 주출입구는 경사로가 있어 휠체어 접근 가능함입니다. 휠체어 또는 이동약자 관련 근거가 있는 장소로 분류했습니다. 현장 운영 상황과 편의시설 사용 가능 여부는 방문 전에 공식 안내처로 다시 확인해야 합니다.","2026-06-23T12:12:40.387Z","2026-06-08T16:02:01.116007+00:00"
"98","","한국관광공사 TourAPI","비빔가","음식점","대전광역시 유성구 신성로84번길 41","","","","대전|무장애여행|음식점|wheelchair|mobility_access","tourapi:KorWithService2:1923929","b5d2b1a7-905e-4ec0-85b8-a5472775277c","0a8a6c75-7615-4ad1-b7aa-8558a5bc0188","비빔가은/는 대전 지역의 음식점 콘텐츠입니다. 주소는 대전광역시 유성구 신성로84번길 41입니다. 무장애 접근성 정보는 대중교통: 출입구까지 경사로가 설치되어 있음, 출입통로: 주출입구는 턱이 없어 휠체어 접근 가능함(수동문), 지체장애 기타: 의자식 테이블 있음_무장애 편의시설입니다. 휠체어 또는 이동약자 관련 근거가 있는 장소로 분류했습니다. 현장 운영 상황과 편의시설 사용 가능 여부는 방문 전에 공식 안내처로 다시 확인해야 합니다.","2026-06-23T12:12:40.464Z","2026-06-08T16:02:01.217296+00:00"
"99","","한국관광공사 TourAPI","발명교육센터 창의발명체험관","관광지","대전광역시 유성구 과학로 82 (가정동)","","","","대전|무장애여행|관광지|wheelchair|mobility_access","tourapi:KorWithService2:1907645","962a3768-352e-4111-8b68-98ac366c94ad","244661b8-ff94-4d7a-a1ac-981d7ed349ec","발명교육센터 창의발명체험관은/는 대전 지역의 관광지 콘텐츠입니다. 주소는 대전광역시 유성구 과학로 82 (가정동)입니다. 무장애 접근성 정보는 장애인 주차: 장애인 전용주차장 있음_무장애 편의시설, 출입통로: 출입구 경사로 있음, 엘리베이터: 엘리베이터 있음, 장애인 화장실: 장애인 화장실 있음입니다. 휠체어 또는 이동약자 관련 근거가 있는 장소로 분류했습니다. 현장 운영 상황과 편의시설 사용 가능 여부는 방문 전에 공식 안내처로 다시 확인해야 합니다.","2026-06-23T12:12:40.537Z","2026-06-08T16:02:01.331901+00:00"
"100","","한국관광공사 TourAPI","유성 관광특구","관광지","대전광역시 유성구 대덕대로 480 (도룡동)","","","","대전|무장애여행|관광지|wheelchair|mobility_access","tourapi:KorWithService2:1958042","e95bf55a-fe89-4995-96e3-c374b754e397","6d5894f3-50a5-46cf-a6a7-fd7c5c1fd6bb","유성 관광특구은/는 대전 지역의 관광지 콘텐츠입니다. 주소는 대전광역시 유성구 대덕대로 480 (도룡동)입니다. 무장애 접근성 정보는 장애인 주차: 박물관 및 전시관에 따라 장애인 주차 공간 이용 있음_무장애 편의정보, 엘리베이터: 대전 지하철 유성온천역 장애인 전용 엘리베이터 있음입니다. 휠체어 또는 이동약자 관련 근거가 있는 장소로 분류했습니다. 현장 운영 상황과 편의시설 사용 가능 여부는 방문 전에 공식 안내처로 다시 확인해야 합니다.","2026-06-23T12:12:40.626Z","2026-06-08T16:02:01.446429+00:00"
"101","","한국관광공사 TourAPI","역전시장","쇼핑","대전광역시 동구 역전시장길 34 (정동)","","","","대전|무장애여행|쇼핑|wheelchair|mobility_access|visual_impairment","tourapi:KorWithService2:1623651","36a82606-cb6a-4df3-8f32-0ee2181cfd48","2ac436ec-2708-4dfd-9764-c6d6ebca4d1e","역전시장은/는 대전 지역의 쇼핑 콘텐츠입니다. 주소는 대전광역시 동구 역전시장길 34 (정동)입니다. 무장애 접근성 정보는 장애인 주차: 장애인 주차장 있음(공영주차장)_무장애 편의시설, 대중교통: 출입구까지 턱이 없어 휠체어 접근 가능함, 출입통로: 주출입구는 턱이 없어 휠체어 접근 가능함, 보조견 동반: 동반가능_시각장애인 편의시설입니다. 휠체어 또는 이동약자 관련 근거가 있는 장소로 분류했습니다. 현장 운영 상황과 편의시설 사용 가능 여부는 방문 전에 공식 안내처로 다시 확인해야 합니다.","2026-06-23T12:12:42.356Z","2026-06-23T12:13:05.723793+00:00"
"102","","한국관광공사 TourAPI","대전엑스포과학공원","관광지","대전광역시 유성구 대덕대로 480 (도룡동)","","","","대전|무장애여행|관광지|wheelchair|mobility_access|visual_impairment|stroller","tourapi:KorWithService2:125994","b95a7fea-5b1a-4c59-af26-15f4fd421bcc","1802e693-24fa-44b2-9f0b-55025ec3ecad","대전엑스포과학공원은/는 대전 지역의 관광지 콘텐츠입니다. 주소는 대전광역시 유성구 대덕대로 480 (도룡동)입니다. 무장애 접근성 정보는 장애인 주차: 장애인 주차장 있음_무장애 편의시설, 대중교통: 출입구까지 턱이 없어 휠체어 접근 가능함, 휠체어: 대여가능, 출입통로: 주출입구는 턱이 없어 휠체어 접근 가능함, 엘리베이터: 엘리베이터 있음, 장애인 화장실: 장애인 화장실 있음, 지체장애 기타: 공원을 돌아볼 수 있는 패밀리카 대여 가능함, 점자블록: 점자블록 있음(전시관 앞)_시각장애인 편의시설, 안내요원: 안내요원 있음(주출입구 앞, 각 전시관 상시 배치), 유모차: 대여가능( 대여료 1,000원, 신분증 지참)입니다. 휠체어 또는 이동약자 관련 근거가 있는 장소로 분류했습니다. 유모차 또는 영유아 가족 관련 근거가 있는 장소로 분류했습니다. 현장 운영 상황과 편의시설 사용 가능 여부는 방문 전에 공식 안내처로 다시 확인해야 합니다.","2026-06-23T12:12:42.452Z","2026-06-23T12:13:05.838536+00:00"
"103","","한국관광공사 TourAPI","화폐박물관","문화시설","대전광역시 유성구 과학로 80-67 (가정동)","","","","대전|무장애여행|문화시설|wheelchair|mobility_access|stroller","tourapi:KorWithService2:129789","f6944ca3-7698-4fcf-8bde-2262f9c56a07","4ea88834-d35c-4164-a4c7-e787582ad2d0","화폐박물관은/는 대전 지역의 문화시설 콘텐츠입니다. 주소는 대전광역시 유성구 과학로 80-67 (가정동)입니다. 무장애 접근성 정보는 장애인 주차: 장애인 전용 주차구역 있음_무장애 편의시설, 매표소: 매표소 있음, 휠체어: 휠체어 대여 가능, 출입통로: 경사로가 설치되어 있음, 엘리베이터: 엘리베이터 있음, 장애인 화장실: 장애인 화장실 있음, 유모차: 유아차 대여 가능, 수유실: 수유실 있음, 영유아가족 기타: 화장실 내 기저귀 교환대 있음입니다. 휠체어 또는 이동약자 관련 근거가 있는 장소로 분류했습니다. 유모차 또는 영유아 가족 관련 근거가 있는 장소로 분류했습니다. 현장 운영 상황과 편의시설 사용 가능 여부는 방문 전에 공식 안내처로 다시 확인해야 합니다.","2026-06-23T12:12:43.536Z","2026-06-23T12:13:05.957089+00:00"
"104","","한국관광공사 TourAPI","대전 엑스포 아쿠아리움","관광지","대전광역시 유성구 엑스포로 1 (도룡동)","","","","대전|무장애여행|관광지|wheelchair|mobility_access|visual_impairment|stroller","tourapi:KorWithService2:2782788","ad958c25-46b9-4b07-bd91-646fef6a8cd0","71635f14-8bd0-4e59-9b9b-bcf8b943897e","대전 엑스포 아쿠아리움은/는 대전 지역의 관광지 콘텐츠입니다. 주소는 대전광역시 유성구 엑스포로 1 (도룡동)입니다. 무장애 접근성 정보는 장애인 주차: 장애인 주차장 있음(신세계백화점 지하주차장)_무장애 편의시설, 대중교통: 출입구까지 턱이 없어 휠체어 접근 가능함, 출입통로: 주출입구는 턱이 없어 휠체어 접근 가능함, 엘리베이터: 엘리베이터 있음, 장애인 화장실: 장애인 화장실 있음, 점자블록: 점자블록 있음(주요시설 앞)_시각장애인 편의시설, 수유실: 수유실 있음(화장실 옆)입니다. 휠체어 또는 이동약자 관련 근거가 있는 장소로 분류했습니다. 유모차 또는 영유아 가족 관련 근거가 있는 장소로 분류했습니다. 현장 운영 상황과 편의시설 사용 가능 여부는 방문 전에 공식 안내처로 다시 확인해야 합니다.","2026-06-23T12:12:44.865Z","2026-06-23T12:13:06.072409+00:00"
"105","","한국관광공사 TourAPI","대덕문화원","문화시설","대전광역시 대덕구 대전로 1348 (읍내동)","","","","대전|무장애여행|문화시설|wheelchair|mobility_access|visual_impairment","tourapi:KorWithService2:130201","b838e3dc-b63a-4f73-8194-9ed29334bcdd","6cff0129-72ef-43b9-bc35-50ca2079e205","대덕문화원은/는 대전 지역의 문화시설 콘텐츠입니다. 주소는 대전광역시 대덕구 대전로 1348 (읍내동)입니다. 무장애 접근성 정보는 장애인 주차: 장애인 전용 주차구역 있음(지하주차장)_무장애 편의시설, 대중교통: 출입구까지 경사로가 설치되어 있음(자동문), 출입통로: 주출입구는 경사로가 있어 휠체어 접근 가능함, 엘리베이터: 엘리베이터 있음, 장애인 화장실: 장애인 전용 화장실 있음(1,2,3층), 점자블록: 점자블록 있음(접근로,주출입구)_시각장애인 편의시설입니다. 휠체어 또는 이동약자 관련 근거가 있는 장소로 분류했습니다. 현장 운영 상황과 편의시설 사용 가능 여부는 방문 전에 공식 안내처로 다시 확인해야 합니다.","2026-06-23T12:12:45.948Z","2026-06-23T12:13:06.195132+00:00"
"106","","한국관광공사 TourAPI","우리들공원","관광지","대전광역시 중구 중앙로138번길 30 (대흥동)","","","","대전|무장애여행|관광지|wheelchair|mobility_access|visual_impairment","tourapi:KorWithService2:2732202","c992d7eb-e481-4ae2-880e-71d786d4bc09","572abe0b-8695-4840-9e57-e04dd7699a03","우리들공원은/는 대전 지역의 관광지 콘텐츠입니다. 주소는 대전광역시 중구 중앙로138번길 30 (대흥동)입니다. 무장애 접근성 정보는 장애인 주차: 장애인 주차장 있음(8면), 대중교통: 주 출입구 경사로 완만함, 엘리베이터: 주차장 내 엘레베이터 있음, 장애인 화장실: 미닫이 문
휠체어가 충분히 들어 갈 수 있는 공간
대변기 손잡이 있음, 점자블록: 엘레베이터 앞 점자블록 있음입니다. 휠체어 또는 이동약자 관련 근거가 있는 장소로 분류했습니다. 현장 운영 상황과 편의시설 사용 가능 여부는 방문 전에 공식 안내처로 다시 확인해야 합니다.","2026-06-23T12:12:48.357Z","2026-06-23T12:13:06.322631+00:00"
"107","","한국관광공사 TourAPI","대전아쿠아리움","관광지","대전광역시 중구 보문산공원로 469 (대사동)","","","","대전|무장애여행|관광지|wheelchair|mobility_access|visual_impairment|stroller","tourapi:KorWithService2:2758629","3fd27604-a3a2-4fd5-a265-430e242a894b","6ebb7917-d84a-4a26-b0e3-8dc570bab580","대전아쿠아리움은/는 대전 지역의 관광지 콘텐츠입니다. 주소는 대전광역시 중구 보문산공원로 469 (대사동)입니다. 무장애 접근성 정보는 장애인 주차: 장애인 주차장 있음_무장애 편의시설, 대중교통: 출입구까지 턱이 없어 휠체어 접근 가능함, 휠체어: 대여가능, 출입통로: 주출입구는 턱이 없어 휠체어 접근 가능함(수동문), 점자블록: 점자블록 있음(주요시설 앞)_시각장애인 편의시설, 유모차: 대여가능, 수유실: 수유실 있음입니다. 휠체어 또는 이동약자 관련 근거가 있는 장소로 분류했습니다. 유모차 또는 영유아 가족 관련 근거가 있는 장소로 분류했습니다. 현장 운영 상황과 편의시설 사용 가능 여부는 방문 전에 공식 안내처로 다시 확인해야 합니다.","2026-06-23T12:12:48.471Z","2026-06-23T12:13:06.444344+00:00"
"108","","한국관광공사 TourAPI","평송청소년문화센터","관광지","대전광역시 서구 둔산대로 201 (만년동)","","","","대전|무장애여행|관광지|wheelchair|mobility_access|visual_impairment","tourapi:KorWithService2:1623708","802988e3-dda5-4402-a437-d8c168004635","f30343e4-adb6-46aa-873d-07efd5dd0dc4","평송청소년문화센터은/는 대전 지역의 관광지 콘텐츠입니다. 주소는 대전광역시 서구 둔산대로 201 (만년동)입니다. 무장애 접근성 정보는 장애인 주차: 장애인 전용 주차구역 있음_무장애 편의시설, 대중교통: 출입구까지 경사로 있어 휠체어 접근 가능함, 출입통로: 주출입구는 단차가 없어 휠체어 접근 가능함, 엘리베이터: 엘리베이터 있음, 장애인 화장실: 장애인 전용 화장실 있음, 점자블록: 점자블록 있음 (화장실 입구)_시각장애인 편의시설입니다. 휠체어 또는 이동약자 관련 근거가 있는 장소로 분류했습니다. 현장 운영 상황과 편의시설 사용 가능 여부는 방문 전에 공식 안내처로 다시 확인해야 합니다.","2026-06-23T12:12:48.567Z","2026-06-23T12:13:06.586023+00:00"
"109","","한국관광공사 TourAPI","호텔 더 에이치(Hotel The H)","숙박","대전광역시 대덕구 신탄진동로23번길 58","","","","대전|무장애여행|숙박|wheelchair|mobility_access|visual_impairment","tourapi:KorWithService2:2594874","94ee5235-66c7-4488-ac51-e5d09a13690f","a2bcc540-1fe9-4ae0-8f62-b6c7b51672f9","호텔 더 에이치(Hotel The H)은/는 대전 지역의 숙박 콘텐츠입니다. 주소는 대전광역시 대덕구 신탄진동로23번길 58입니다. 무장애 접근성 정보는 장애인 주차: 장애인 전용 주차구역 있음, 대중교통: 출입구까지 경사로가 설치되어 있음, 엘리베이터: 엘리베이터 있음, 장애인 화장실: 장애인 화장실 있음, 점자블록: 점자블록 있음(화장실 입구)입니다. 휠체어 또는 이동약자 관련 근거가 있는 장소로 분류했습니다. 현장 운영 상황과 편의시설 사용 가능 여부는 방문 전에 공식 안내처로 다시 확인해야 합니다.","2026-06-23T12:12:49.457Z","2026-06-23T12:13:06.738993+00:00"
"110","","한국관광공사 TourAPI","유림공원","관광지","대전광역시 유성구 어은로 27","","","","대전|무장애여행|관광지|wheelchair|mobility_access|visual_impairment","tourapi:KorWithService2:2674960","9905337c-e3f2-4a21-9279-bf77e678f2de","7072b807-2a8f-4d1a-b79e-cbc34fc78f9a","유림공원은/는 대전 지역의 관광지 콘텐츠입니다. 주소는 대전광역시 유성구 어은로 27입니다. 무장애 접근성 정보는 대중교통: 출입구까지 턱이 없어 휠체어 접근 가능함, 출입통로: 주출입구는 턱이 없어 휠체어 접근 가능함_무장애 편의시설, 보조견 동반: 동반가능_시각장애인 편의시설입니다. 휠체어 또는 이동약자 관련 근거가 있는 장소로 분류했습니다. 현장 운영 상황과 편의시설 사용 가능 여부는 방문 전에 공식 안내처로 다시 확인해야 합니다.","2026-06-23T12:12:51.089Z","2026-06-23T12:13:06.857481+00:00"
"111","","한국관광공사 TourAPI","디즈니스토어 현대프리미엄아울렛 대전점","관광지","대전광역시 유성구 테크노중앙로 123 (용산동)","","","","대전|무장애여행|관광지|wheelchair|mobility_access|stroller","tourapi:KorWithService2:3454381","078de08c-50cc-43e4-a744-7ef30981ad6e","7971b805-7da3-4481-8cc2-c3f8268ca18b","디즈니스토어 현대프리미엄아울렛 대전점은/는 대전 지역의 관광지 콘텐츠입니다. 주소는 대전광역시 유성구 테크노중앙로 123 (용산동)입니다. 무장애 접근성 정보는 장애인 주차: 지상에 4면 있음, 휠체어: 휠체어 대여 가능함, 출입통로: 미닫이문, 엘리베이터: 엘리베이터 있음, 장애인 화장실: 각층마다 장애인 화장실 있음, 유모차: 유모차 대여 가능함, 영유아가족 기타: 가족화장실 있음기저귀교환대 있음입니다. 휠체어 또는 이동약자 관련 근거가 있는 장소로 분류했습니다. 유모차 또는 영유아 가족 관련 근거가 있는 장소로 분류했습니다. 현장 운영 상황과 편의시설 사용 가능 여부는 방문 전에 공식 안내처로 다시 확인해야 합니다.","2026-06-23T12:12:52.010Z","2026-06-23T12:13:06.970976+00:00"
"112","public_toilet","대전교통공사","대전광역시도시철도공사 판암역","공중화장실","대전광역시 동구 옥천로 지하162 (판암동) / 대전광역시 동구 판암동 484","36.316896","127.458264","042-625-3103","대전|공중화장실|장애인화장실|도시철도|지하철|wheelchair|mobility_access","data.go.kr:15158504:대전광역시도시철도공사_판암역","e2b3fed5-9c18-4159-beda-ecc33fec0164","d0b84ed9-e33a-4597-8bc2-f3ab9ec1bdf3","대전광역시도시철도공사 판암역은/는 대전교통공사에서 제공하는 대전도시철도 공중화장실 정보입니다. 주소는 대전광역시 동구 옥천로 지하162 (판암동) / 대전광역시 동구 판암동 484입니다. 장애인 화장실 정보는 남자 장애인용 대변기 1개, 남자 장애인용 소변기 1개, 여성 장애인용 대변기 1개입니다. 영유아/어린이 화장실 정보는 남자 어린이용 대변기 0개, 남자 어린이용 소변기 0개, 여성 어린이용 대변기 0개입니다. 남녀 공용 여부는 N입니다. 화장실 유형은 개방화장실입니다. 관리기관 연락처는 042-625-3103입니다. 역사별 시설 현황은 바뀔 수 있으니 방문 직전 역무실이나 관리기관에 한 번 더 확인하는 것이 좋습니다.","2026-06-23T12:59:39.045Z","2026-06-23T12:54:24.574955+00:00"
"113","public_toilet","대전교통공사","대전광역시도시철도공사 신흥역","공중화장실","대전광역시 동구 옥천로 지하 70 (판암동) / 대전광역시 동구 판암동 708-3","36.3196522","127.4487915","042-625-3103","대전|공중화장실|장애인화장실|도시철도|지하철|wheelchair|mobility_access","data.go.kr:15158504:대전광역시도시철도공사_신흥역","90c260c3-2a99-4df7-bf24-949ff9709c2c","4e5b059b-52a0-41f2-9834-6cea19b39b24","대전광역시도시철도공사 신흥역은/는 대전교통공사에서 제공하는 대전도시철도 공중화장실 정보입니다. 주소는 대전광역시 동구 옥천로 지하 70 (판암동) / 대전광역시 동구 판암동 708-3입니다. 장애인 화장실 정보는 남자 장애인용 대변기 1개, 남자 장애인용 소변기 1개, 여성 장애인용 대변기 1개입니다. 영유아/어린이 화장실 정보는 남자 어린이용 대변기 0개, 남자 어린이용 소변기 0개, 여성 어린이용 대변기 0개입니다. 남녀 공용 여부는 N입니다. 화장실 유형은 개방화장실입니다. 관리기관 연락처는 042-625-3103입니다. 역사별 시설 현황은 바뀔 수 있으니 방문 직전 역무실이나 관리기관에 한 번 더 확인하는 것이 좋습니다.","2026-06-23T12:59:39.045Z","2026-06-23T12:54:24.806921+00:00"
"114","public_toilet","대전교통공사","대전광역시도시철도공사 대동역","공중화장실","대전광역시 동구 계족로 지하 176 (대동) / 대전광역시 동구 대동 148-54","36.329532","127.442848","042-625-3103","대전|공중화장실|장애인화장실|도시철도|지하철|wheelchair|mobility_access","data.go.kr:15158504:대전광역시도시철도공사_대동역","99259870-9467-4b04-a182-5ac6c169f3d2","d7d3ee02-a4c8-4a8f-9230-074ea56e9caa","대전광역시도시철도공사 대동역은/는 대전교통공사에서 제공하는 대전도시철도 공중화장실 정보입니다. 주소는 대전광역시 동구 계족로 지하 176 (대동) / 대전광역시 동구 대동 148-54입니다. 장애인 화장실 정보는 남자 장애인용 대변기 1개, 남자 장애인용 소변기 1개, 여성 장애인용 대변기 1개입니다. 영유아/어린이 화장실 정보는 남자 어린이용 대변기 0개, 남자 어린이용 소변기 0개, 여성 어린이용 대변기 0개입니다. 남녀 공용 여부는 N입니다. 화장실 유형은 개방화장실입니다. 관리기관 연락처는 042-625-3103입니다. 역사별 시설 현황은 바뀔 수 있으니 방문 직전 역무실이나 관리기관에 한 번 더 확인하는 것이 좋습니다.","2026-06-23T12:59:39.045Z","2026-06-23T12:54:24.952272+00:00"
"115","public_toilet","대전교통공사","대전광역시도시철도공사 대전역","공중화장실","대전광역시 동구 중앙로 지하 218 (중동) / 대전광역시 동구 중동 1-298","36.3315827","127.4331178","042-222-3104","대전|공중화장실|장애인화장실|도시철도|지하철|wheelchair|mobility_access","data.go.kr:15158504:대전광역시도시철도공사_대전역","1324a029-d2c8-4a01-9b01-586cc19a18e8","68faca95-ac09-4922-8ee6-7048a7700219","대전광역시도시철도공사 대전역은/는 대전교통공사에서 제공하는 대전도시철도 공중화장실 정보입니다. 주소는 대전광역시 동구 중앙로 지하 218 (중동) / 대전광역시 동구 중동 1-298입니다. 장애인 화장실 정보는 남자 장애인용 대변기 2개, 남자 장애인용 소변기 2개, 여성 장애인용 대변기 2개입니다. 영유아/어린이 화장실 정보는 남자 어린이용 대변기 0개, 남자 어린이용 소변기 0개, 여성 어린이용 대변기 0개입니다. 남녀 공용 여부는 N입니다. 화장실 유형은 개방화장실입니다. 관리기관 연락처는 042-222-3104입니다. 역사별 시설 현황은 바뀔 수 있으니 방문 직전 역무실이나 관리기관에 한 번 더 확인하는 것이 좋습니다.","2026-06-23T12:59:39.045Z","2026-06-23T12:54:25.13812+00:00"
"116","public_toilet","대전교통공사","대전광역시도시철도공사 중앙로역","공중화장실","대전광역시 중구 중앙로 지하 145 (은행동) / 대전광역시 중구 은행동 216","36.328664","127.425842","042-226-3105","대전|공중화장실|장애인화장실|도시철도|지하철|wheelchair|mobility_access","data.go.kr:15158504:대전광역시도시철도공사_중앙로역","65d902c6-1b4f-4252-92ac-ae258ae7d016","ee6753ea-ffa0-4901-86a8-3c2515f60d16","대전광역시도시철도공사 중앙로역은/는 대전교통공사에서 제공하는 대전도시철도 공중화장실 정보입니다. 주소는 대전광역시 중구 중앙로 지하 145 (은행동) / 대전광역시 중구 은행동 216입니다. 장애인 화장실 정보는 남자 장애인용 대변기 1개, 남자 장애인용 소변기 1개, 여성 장애인용 대변기 1개입니다. 영유아/어린이 화장실 정보는 남자 어린이용 대변기 0개, 남자 어린이용 소변기 0개, 여성 어린이용 대변기 0개입니다. 남녀 공용 여부는 N입니다. 화장실 유형은 개방화장실입니다. 관리기관 연락처는 042-226-3105입니다. 역사별 시설 현황은 바뀔 수 있으니 방문 직전 역무실이나 관리기관에 한 번 더 확인하는 것이 좋습니다.","2026-06-23T12:59:39.045Z","2026-06-23T12:54:25.321076+00:00"
"117","public_toilet","대전교통공사","대전광역시도시철도공사 중구청역","공중화장실","대전광역시 중구 중앙로 지하 71 (선화동) / 대전광역시 중구 대흥동 630","36.324831","127.419627","042-226-3106","대전|공중화장실|장애인화장실|도시철도|지하철|wheelchair|mobility_access","data.go.kr:15158504:대전광역시도시철도공사_중구청역","3cafebe1-51ca-4f83-a387-c4eb3342ac6f","50bc0d7a-0c44-4269-950e-999ce4222b5a","대전광역시도시철도공사 중구청역은/는 대전교통공사에서 제공하는 대전도시철도 공중화장실 정보입니다. 주소는 대전광역시 중구 중앙로 지하 71 (선화동) / 대전광역시 중구 대흥동 630입니다. 장애인 화장실 정보는 남자 장애인용 대변기 1개, 남자 장애인용 소변기 1개, 여성 장애인용 대변기 1개입니다. 영유아/어린이 화장실 정보는 남자 어린이용 대변기 0개, 남자 어린이용 소변기 0개, 여성 어린이용 대변기 0개입니다. 남녀 공용 여부는 N입니다. 화장실 유형은 개방화장실입니다. 관리기관 연락처는 042-226-3106입니다. 역사별 시설 현황은 바뀔 수 있으니 방문 직전 역무실이나 관리기관에 한 번 더 확인하는 것이 좋습니다.","2026-06-23T12:59:39.045Z","2026-06-23T12:54:25.446286+00:00"
"118","public_toilet","대전교통공사","대전광역시도시철도공사 서대전네거리역","공중화장실","대전광역시 중구 계룡로 지하 889(용두동) / 대전광역시 중구 용두동 155","36.322416","127.412518","042-222-3107","대전|공중화장실|장애인화장실|도시철도|지하철|wheelchair|mobility_access","data.go.kr:15158504:대전광역시도시철도공사_서대전네거리역","e0674569-2895-495a-8668-4b6bbb77ab4a","271805df-b283-40f7-a44c-1d1454393434","대전광역시도시철도공사 서대전네거리역은/는 대전교통공사에서 제공하는 대전도시철도 공중화장실 정보입니다. 주소는 대전광역시 중구 계룡로 지하 889(용두동) / 대전광역시 중구 용두동 155입니다. 장애인 화장실 정보는 남자 장애인용 대변기 1개, 남자 장애인용 소변기 1개, 여성 장애인용 대변기 1개입니다. 영유아/어린이 화장실 정보는 남자 어린이용 대변기 0개, 남자 어린이용 소변기 0개, 여성 어린이용 대변기 0개입니다. 남녀 공용 여부는 N입니다. 화장실 유형은 개방화장실입니다. 관리기관 연락처는 042-222-3107입니다. 역사별 시설 현황은 바뀔 수 있으니 방문 직전 역무실이나 관리기관에 한 번 더 확인하는 것이 좋습니다.","2026-06-23T12:59:39.045Z","2026-06-23T12:54:25.587095+00:00"
"119","public_toilet","대전교통공사","대전광역시도시철도공사 오룡역","공중화장실","대전광역시 중구 계룡로 지하 793(오류동) / 대전광역시 중구 오류동 195","36.328582","127.405046","042-521-3108","대전|공중화장실|장애인화장실|도시철도|지하철|wheelchair|mobility_access","data.go.kr:15158504:대전광역시도시철도공사_오룡역","f1f67501-c632-4332-b4b8-d4e0d506ab78","b53bf153-9947-45fd-aebd-7da61b122bab","대전광역시도시철도공사 오룡역은/는 대전교통공사에서 제공하는 대전도시철도 공중화장실 정보입니다. 주소는 대전광역시 중구 계룡로 지하 793(오류동) / 대전광역시 중구 오류동 195입니다. 장애인 화장실 정보는 남자 장애인용 대변기 1개, 남자 장애인용 소변기 1개, 여성 장애인용 대변기 1개입니다. 영유아/어린이 화장실 정보는 남자 어린이용 대변기 0개, 남자 어린이용 소변기 0개, 여성 어린이용 대변기 1개입니다. 남녀 공용 여부는 N입니다. 화장실 유형은 개방화장실입니다. 관리기관 연락처는 042-521-3108입니다. 역사별 시설 현황은 바뀔 수 있으니 방문 직전 역무실이나 관리기관에 한 번 더 확인하는 것이 좋습니다.","2026-06-23T12:59:39.045Z","2026-06-23T12:54:25.735291+00:00"
"120","public_toilet","대전교통공사","대전광역시도시철도공사 용문역","공중화장실","대전광역시 서구 계룡로 지하 644(용문동) / 대전광역시 서구 용문동 262","36.338252","127.393317","042-521-3109","대전|공중화장실|장애인화장실|도시철도|지하철|wheelchair|mobility_access","data.go.kr:15158504:대전광역시도시철도공사_용문역","0a594f13-2044-4595-ab20-3947acd74bd4","40fd1952-04b8-45ce-99c8-d8d35051172b","대전광역시도시철도공사 용문역은/는 대전교통공사에서 제공하는 대전도시철도 공중화장실 정보입니다. 주소는 대전광역시 서구 계룡로 지하 644(용문동) / 대전광역시 서구 용문동 262입니다. 장애인 화장실 정보는 남자 장애인용 대변기 1개, 남자 장애인용 소변기 1개, 여성 장애인용 대변기 1개입니다. 영유아/어린이 화장실 정보는 남자 어린이용 대변기 0개, 남자 어린이용 소변기 0개, 여성 어린이용 대변기 0개입니다. 남녀 공용 여부는 N입니다. 화장실 유형은 개방화장실입니다. 관리기관 연락처는 042-521-3109입니다. 역사별 시설 현황은 바뀔 수 있으니 방문 직전 역무실이나 관리기관에 한 번 더 확인하는 것이 좋습니다.","2026-06-23T12:59:39.045Z","2026-06-23T12:54:25.860949+00:00"
"121","public_toilet","대전교통공사","대전광역시도시철도공사 탄방역","공중화장실","대전광역시 서구 문정로48번길 지하 19(탄방동) / 대전광역시 서구 탄방동 1449","36.34544","127.384603","042-476-6111","대전|공중화장실|장애인화장실|도시철도|지하철|wheelchair|mobility_access","data.go.kr:15158504:대전광역시도시철도공사_탄방역","a8f09804-2c20-4489-baf7-bf90a48fe7fc","d97e5262-ad90-45e9-8e21-e593077586c4","대전광역시도시철도공사 탄방역은/는 대전교통공사에서 제공하는 대전도시철도 공중화장실 정보입니다. 주소는 대전광역시 서구 문정로48번길 지하 19(탄방동) / 대전광역시 서구 탄방동 1449입니다. 장애인 화장실 정보는 남자 장애인용 대변기 1개, 남자 장애인용 소변기 1개, 여성 장애인용 대변기 1개입니다. 영유아/어린이 화장실 정보는 남자 어린이용 대변기 0개, 남자 어린이용 소변기 0개, 여성 어린이용 대변기 0개입니다. 남녀 공용 여부는 N입니다. 화장실 유형은 개방화장실입니다. 관리기관 연락처는 042-476-6111입니다. 역사별 시설 현황은 바뀔 수 있으니 방문 직전 역무실이나 관리기관에 한 번 더 확인하는 것이 좋습니다.","2026-06-23T12:59:39.045Z","2026-06-23T12:54:25.986468+00:00"
"122","public_toilet","대전교통공사","대전광역시도시철도공사 시청역","공중화장실","대전광역시 서구 둔산중로 지하 55(둔산동) / 대전광역시 서구 둔산동 1408-1","36.351673","127.386739","042-476-6111","대전|공중화장실|장애인화장실|도시철도|지하철|wheelchair|mobility_access","data.go.kr:15158504:대전광역시도시철도공사_시청역","2fb362b1-9f73-4567-931a-dedd6442e70b","1b97044b-32ee-48d9-a1c1-a3adc51f5d40","대전광역시도시철도공사 시청역은/는 대전교통공사에서 제공하는 대전도시철도 공중화장실 정보입니다. 주소는 대전광역시 서구 둔산중로 지하 55(둔산동) / 대전광역시 서구 둔산동 1408-1입니다. 장애인 화장실 정보는 남자 장애인용 대변기 1개, 남자 장애인용 소변기 1개, 여성 장애인용 대변기 1개입니다. 영유아/어린이 화장실 정보는 남자 어린이용 대변기 0개, 남자 어린이용 소변기 0개, 여성 어린이용 대변기 0개입니다. 남녀 공용 여부는 N입니다. 화장실 유형은 개방화장실입니다. 관리기관 연락처는 042-476-6111입니다. 역사별 시설 현황은 바뀔 수 있으니 방문 직전 역무실이나 관리기관에 한 번 더 확인하는 것이 좋습니다.","2026-06-23T12:59:39.045Z","2026-06-23T12:54:26.101983+00:00"
"123","public_toilet","대전교통공사","대전광역시도시철도공사 정부청사역","공중화장실","대전광역시 서구 한밭대로 지하 744(둔산동) / 대전광역시 서구 둔산동 1515-1","36.357661","127.381047","042-539-3612","대전|공중화장실|장애인화장실|도시철도|지하철|wheelchair|mobility_access","data.go.kr:15158504:대전광역시도시철도공사_정부청사역","39b10dd5-6761-4a11-b270-c68fa323c059","ac5449f8-6ae9-406a-be14-01e00322a643","대전광역시도시철도공사 정부청사역은/는 대전교통공사에서 제공하는 대전도시철도 공중화장실 정보입니다. 주소는 대전광역시 서구 한밭대로 지하 744(둔산동) / 대전광역시 서구 둔산동 1515-1입니다. 장애인 화장실 정보는 남자 장애인용 대변기 1개, 남자 장애인용 소변기 1개, 여성 장애인용 대변기 1개입니다. 영유아/어린이 화장실 정보는 남자 어린이용 대변기 0개, 남자 어린이용 소변기 0개, 여성 어린이용 대변기 0개입니다. 남녀 공용 여부는 N입니다. 화장실 유형은 개방화장실입니다. 관리기관 연락처는 042-539-3612입니다. 역사별 시설 현황은 바뀔 수 있으니 방문 직전 역무실이나 관리기관에 한 번 더 확인하는 것이 좋습니다.","2026-06-23T12:59:39.045Z","2026-06-23T12:54:26.229424+00:00"
"124","public_toilet","대전교통공사","대전광역시도시철도공사 갈마역","공중화장실","대전광역시 서구 한밭대로 지하 666(갈마동) / 대전광역시 서구 갈마동 1462","36.357522","127.372632","042-476-3115","대전|공중화장실|장애인화장실|도시철도|지하철|wheelchair|mobility_access","data.go.kr:15158504:대전광역시도시철도공사_갈마역","a78d82f3-9977-467a-a23f-b841d190a3d4","7f120a61-bfaf-473e-8971-a2dd7e6cffd2","대전광역시도시철도공사 갈마역은/는 대전교통공사에서 제공하는 대전도시철도 공중화장실 정보입니다. 주소는 대전광역시 서구 한밭대로 지하 666(갈마동) / 대전광역시 서구 갈마동 1462입니다. 장애인 화장실 정보는 남자 장애인용 대변기 1개, 남자 장애인용 소변기 1개, 여성 장애인용 대변기 1개입니다. 영유아/어린이 화장실 정보는 남자 어린이용 대변기 0개, 남자 어린이용 소변기 0개, 여성 어린이용 대변기 1개입니다. 남녀 공용 여부는 N입니다. 화장실 유형은 개방화장실입니다. 관리기관 연락처는 042-476-3115입니다. 역사별 시설 현황은 바뀔 수 있으니 방문 직전 역무실이나 관리기관에 한 번 더 확인하는 것이 좋습니다.","2026-06-23T12:59:39.045Z","2026-06-23T12:54:26.347602+00:00"
"125","public_toilet","대전교통공사","대전광역시도시철도공사 월평역","공중화장실","대전광역시 서구 한밭대로 지하 595(월평동) / 대전광역시 서구 월평동 1503-1","36.358272","127.364382","042-476-3115","대전|공중화장실|장애인화장실|도시철도|지하철|wheelchair|mobility_access","data.go.kr:15158504:대전광역시도시철도공사_월평역","3596d4fa-0882-4268-8f88-72977df7e2bd","fd048ab4-be87-4138-a938-a47efd55fc7c","대전광역시도시철도공사 월평역은/는 대전교통공사에서 제공하는 대전도시철도 공중화장실 정보입니다. 주소는 대전광역시 서구 한밭대로 지하 595(월평동) / 대전광역시 서구 월평동 1503-1입니다. 장애인 화장실 정보는 남자 장애인용 대변기 1개, 남자 장애인용 소변기 1개, 여성 장애인용 대변기 1개입니다. 영유아/어린이 화장실 정보는 남자 어린이용 대변기 0개, 남자 어린이용 소변기 0개, 여성 어린이용 대변기 1개입니다. 남녀 공용 여부는 N입니다. 화장실 유형은 개방화장실입니다. 관리기관 연락처는 042-476-3115입니다. 역사별 시설 현황은 바뀔 수 있으니 방문 직전 역무실이나 관리기관에 한 번 더 확인하는 것이 좋습니다.","2026-06-23T12:59:39.045Z","2026-06-23T12:54:26.460399+00:00"
"126","public_toilet","대전교통공사","대전광역시도시철도공사 갑천역","공중화장실","대전광역시 서구 갑천도시고속도로 지하 1833(월평동) / 대전광역시 서구 월평동 1555","36.354578","127.354467","042-476-3115","대전|공중화장실|장애인화장실|도시철도|지하철|wheelchair|mobility_access","data.go.kr:15158504:대전광역시도시철도공사_갑천역","27a086c8-bc43-4ed5-b909-2311ff0f789b","c824b196-98b2-4261-84b1-00a7941e237c","대전광역시도시철도공사 갑천역은/는 대전교통공사에서 제공하는 대전도시철도 공중화장실 정보입니다. 주소는 대전광역시 서구 갑천도시고속도로 지하 1833(월평동) / 대전광역시 서구 월평동 1555입니다. 장애인 화장실 정보는 남자 장애인용 대변기 1개, 남자 장애인용 소변기 1개, 여성 장애인용 대변기 1개입니다. 영유아/어린이 화장실 정보는 남자 어린이용 대변기 0개, 남자 어린이용 소변기 0개, 여성 어린이용 대변기 0개입니다. 남녀 공용 여부는 N입니다. 화장실 유형은 개방화장실입니다. 관리기관 연락처는 042-476-3115입니다. 역사별 시설 현황은 바뀔 수 있으니 방문 직전 역무실이나 관리기관에 한 번 더 확인하는 것이 좋습니다.","2026-06-23T12:59:39.046Z","2026-06-23T12:54:26.579734+00:00"
"127","public_toilet","대전교통공사","대전광역시도시철도공사 유성온천역","공중화장실","대전광역시 유성구 계룡로 지하 97(봉명동) / 대전광역시 유성구 봉명동 240","36.353689","127.341524","042-825-4116","대전|공중화장실|장애인화장실|도시철도|지하철|wheelchair|mobility_access","data.go.kr:15158504:대전광역시도시철도공사_유성온천역","8a453507-8af4-4e61-a896-6379610014f3","3722fd56-1c70-4cb7-acdb-ced61cf0d665","대전광역시도시철도공사 유성온천역은/는 대전교통공사에서 제공하는 대전도시철도 공중화장실 정보입니다. 주소는 대전광역시 유성구 계룡로 지하 97(봉명동) / 대전광역시 유성구 봉명동 240입니다. 장애인 화장실 정보는 남자 장애인용 대변기 1개, 남자 장애인용 소변기 1개, 여성 장애인용 대변기 1개입니다. 영유아/어린이 화장실 정보는 남자 어린이용 대변기 0개, 남자 어린이용 소변기 0개, 여성 어린이용 대변기 1개입니다. 남녀 공용 여부는 N입니다. 화장실 유형은 개방화장실입니다. 관리기관 연락처는 042-825-4116입니다. 역사별 시설 현황은 바뀔 수 있으니 방문 직전 역무실이나 관리기관에 한 번 더 확인하는 것이 좋습니다.","2026-06-23T12:59:39.046Z","2026-06-23T12:54:26.739278+00:00"
"128","public_toilet","대전교통공사","대전광역시도시철도공사 구암역","공중화장실","대전광역시 유성구 유성대로 703(구암동) / 대전광역시 유성구 구암동 96-3","36.356605","127.33083","042-823-5117","대전|공중화장실|장애인화장실|도시철도|지하철|wheelchair|mobility_access","data.go.kr:15158504:대전광역시도시철도공사_구암역","d49978f0-979e-4da9-b9b9-fb49c60fa75c","bc3a937a-2a89-406f-b29f-98631e47853b","대전광역시도시철도공사 구암역은/는 대전교통공사에서 제공하는 대전도시철도 공중화장실 정보입니다. 주소는 대전광역시 유성구 유성대로 703(구암동) / 대전광역시 유성구 구암동 96-3입니다. 장애인 화장실 정보는 남자 장애인용 대변기 1개, 남자 장애인용 소변기 1개, 여성 장애인용 대변기 1개입니다. 영유아/어린이 화장실 정보는 남자 어린이용 대변기 0개, 남자 어린이용 소변기 0개, 여성 어린이용 대변기 1개입니다. 남녀 공용 여부는 N입니다. 화장실 유형은 개방화장실입니다. 관리기관 연락처는 042-823-5117입니다. 역사별 시설 현황은 바뀔 수 있으니 방문 직전 역무실이나 관리기관에 한 번 더 확인하는 것이 좋습니다.","2026-06-23T12:59:39.046Z","2026-06-23T12:54:26.926373+00:00"
"129","public_toilet","대전교통공사","대전광역시도시철도공사 현충원역","공중화장실","대전광역시 유성구 현충원로 지하 455(구암동) / 대전광역시 유성구 구암동 424","36.359021","127.321525","042-824-9118","대전|공중화장실|장애인화장실|도시철도|지하철|wheelchair|mobility_access","data.go.kr:15158504:대전광역시도시철도공사_현충원역","9701869a-e83e-43fa-961b-6f8fc9e0b819","356eac59-690c-4214-966d-3ed2ab810868","대전광역시도시철도공사 현충원역은/는 대전교통공사에서 제공하는 대전도시철도 공중화장실 정보입니다. 주소는 대전광역시 유성구 현충원로 지하 455(구암동) / 대전광역시 유성구 구암동 424입니다. 장애인 화장실 정보는 남자 장애인용 대변기 1개, 남자 장애인용 소변기 1개, 여성 장애인용 대변기 1개입니다. 영유아/어린이 화장실 정보는 남자 어린이용 대변기 0개, 남자 어린이용 소변기 0개, 여성 어린이용 대변기 1개입니다. 남녀 공용 여부는 N입니다. 화장실 유형은 개방화장실입니다. 관리기관 연락처는 042-824-9118입니다. 역사별 시설 현황은 바뀔 수 있으니 방문 직전 역무실이나 관리기관에 한 번 더 확인하는 것이 좋습니다.","2026-06-23T12:59:39.046Z","2026-06-23T12:54:27.04502+00:00"
"130","public_toilet","대전교통공사","대전광역시도시철도공사 월드컵경기장역","공중화장실","대전광역시 유성구 한밭대로 지하 155(노은동) / 대전광역시 유성구 노은동 566","36.366825","127.317859","042-826-3119","대전|공중화장실|장애인화장실|도시철도|지하철|wheelchair|mobility_access","data.go.kr:15158504:대전광역시도시철도공사_월드컵경기장역","07bdf10b-d191-4fed-905f-a2f3ff016a4d","70c89649-a830-4480-a5fd-00db0a6acebd","대전광역시도시철도공사 월드컵경기장역은/는 대전교통공사에서 제공하는 대전도시철도 공중화장실 정보입니다. 주소는 대전광역시 유성구 한밭대로 지하 155(노은동) / 대전광역시 유성구 노은동 566입니다. 장애인 화장실 정보는 남자 장애인용 대변기 1개, 남자 장애인용 소변기 1개, 여성 장애인용 대변기 1개입니다. 영유아/어린이 화장실 정보는 남자 어린이용 대변기 0개, 남자 어린이용 소변기 0개, 여성 어린이용 대변기 1개입니다. 남녀 공용 여부는 N입니다. 화장실 유형은 개방화장실입니다. 관리기관 연락처는 042-826-3119입니다. 역사별 시설 현황은 바뀔 수 있으니 방문 직전 역무실이나 관리기관에 한 번 더 확인하는 것이 좋습니다.","2026-06-23T12:59:39.046Z","2026-06-23T12:54:27.19471+00:00"
"131","public_toilet","대전교통공사","대전광역시도시철도공사 노은역","공중화장실","대전광역시 유성구 노은로 지하 161(지족동) / 대전광역시 유성구 지족동 962","36.37415","127.317835","042-826-3120","대전|공중화장실|장애인화장실|도시철도|지하철|wheelchair|mobility_access","data.go.kr:15158504:대전광역시도시철도공사_노은역","fdbe9bc2-988c-4bc5-9a44-387f4a18471a","f5da31b9-74bb-431d-9113-1e7014adb2e4","대전광역시도시철도공사 노은역은/는 대전교통공사에서 제공하는 대전도시철도 공중화장실 정보입니다. 주소는 대전광역시 유성구 노은로 지하 161(지족동) / 대전광역시 유성구 지족동 962입니다. 장애인 화장실 정보는 남자 장애인용 대변기 0개, 남자 장애인용 소변기 0개, 여성 장애인용 대변기 0개입니다. 영유아/어린이 화장실 정보는 남자 어린이용 대변기 0개, 남자 어린이용 소변기 0개, 여성 어린이용 대변기 0개입니다. 남녀 공용 여부는 N입니다. 화장실 유형은 개방화장실입니다. 관리기관 연락처는 042-826-3120입니다. 역사별 시설 현황은 바뀔 수 있으니 방문 직전 역무실이나 관리기관에 한 번 더 확인하는 것이 좋습니다.","2026-06-23T12:59:39.046Z","2026-06-23T12:54:27.309539+00:00"
"132","public_toilet","대전교통공사","대전광역시도시철도공사 지족역","공중화장실","대전광역시 유성구 노은로 273(지족동) / 대전광역시 유성구 지족동 836-6","36.384106","127.319501","042-826-3121","대전|공중화장실|장애인화장실|도시철도|지하철|wheelchair|mobility_access","data.go.kr:15158504:대전광역시도시철도공사_지족역","c1cded93-5b1d-4e35-a6fb-aaf9b53a3c3c","9e504975-0ab4-4cb0-943e-13e1edf74d67","대전광역시도시철도공사 지족역은/는 대전교통공사에서 제공하는 대전도시철도 공중화장실 정보입니다. 주소는 대전광역시 유성구 노은로 273(지족동) / 대전광역시 유성구 지족동 836-6입니다. 장애인 화장실 정보는 남자 장애인용 대변기 1개, 남자 장애인용 소변기 1개, 여성 장애인용 대변기 1개입니다. 영유아/어린이 화장실 정보는 남자 어린이용 대변기 0개, 남자 어린이용 소변기 0개, 여성 어린이용 대변기 0개입니다. 남녀 공용 여부는 N입니다. 화장실 유형은 개방화장실입니다. 관리기관 연락처는 042-826-3121입니다. 역사별 시설 현황은 바뀔 수 있으니 방문 직전 역무실이나 관리기관에 한 번 더 확인하는 것이 좋습니다.","2026-06-23T12:59:39.046Z","2026-06-23T12:54:27.509793+00:00"
"133","public_toilet","대전교통공사","대전광역시도시철도공사 반석역","공중화장실","대전광역시 유성구 북유성대로 지하 303(반석동) / 대전광역시 유성구 반석동 685","36.392128","127.314581","042-825-3122","대전|공중화장실|장애인화장실|도시철도|지하철|wheelchair|mobility_access","data.go.kr:15158504:대전광역시도시철도공사_반석역","b4be98a9-f63a-460b-97c1-d725707adc86","372bf5a7-c680-42cb-8cfc-511c2c67ad95","대전광역시도시철도공사 반석역은/는 대전교통공사에서 제공하는 대전도시철도 공중화장실 정보입니다. 주소는 대전광역시 유성구 북유성대로 지하 303(반석동) / 대전광역시 유성구 반석동 685입니다. 장애인 화장실 정보는 남자 장애인용 대변기 1개, 남자 장애인용 소변기 1개, 여성 장애인용 대변기 1개입니다. 영유아/어린이 화장실 정보는 남자 어린이용 대변기 0개, 남자 어린이용 소변기 0개, 여성 어린이용 대변기 1개입니다. 남녀 공용 여부는 N입니다. 화장실 유형은 개방화장실입니다. 관리기관 연락처는 042-825-3122입니다. 역사별 시설 현황은 바뀔 수 있으니 방문 직전 역무실이나 관리기관에 한 번 더 확인하는 것이 좋습니다.","2026-06-23T12:59:39.046Z","2026-06-23T12:54:27.621197+00:00"
"134","accessible_parking","대전광역시 서구","둔산2동 장애인주차장 1","장애인주차장","대전 서구 대덕대로 176번길","36.34746444","127.3786491","","대전|서구|장애인주차장|주차장|wheelchair|mobility_access","seogu.go.kr:dspsn_park_lc_sttus:1","a09850f7-0158-48aa-a33c-4d8f30099915","74973153-bd39-4ce2-8a14-298e466d93d6","둔산2동 장애인주차장 1은/는 대전광역시 서구 장애인주차장 위치 정보입니다. 위치는 대전 서구 대덕대로 176번길입니다. 행정동은 둔산2동입니다. 좌표는 위도 36.34746444, 경도 127.3786491입니다. 장애인 주차 가능 여부와 실제 주차면 사용 가능 여부는 현장 상황에 따라 달라질 수 있습니다.","2026-06-23T12:59:38.724Z","2026-06-23T12:54:27.747948+00:00"
"135","accessible_parking","대전광역시 서구","가장동 장애인주차장 2","장애인주차장","대전 서구 가장동 27-1","36.32984394","127.388958","","대전|서구|장애인주차장|주차장|wheelchair|mobility_access","seogu.go.kr:dspsn_park_lc_sttus:2","bb00d36c-10e4-4078-92bf-e3f2acecd408","35ce6a0f-4ebb-494b-aad8-7ab0f411e998","가장동 장애인주차장 2은/는 대전광역시 서구 장애인주차장 위치 정보입니다. 위치는 대전 서구 가장동 27-1입니다. 행정동은 가장동입니다. 좌표는 위도 36.32984394, 경도 127.388958입니다. 장애인 주차 가능 여부와 실제 주차면 사용 가능 여부는 현장 상황에 따라 달라질 수 있습니다.","2026-06-23T12:59:38.725Z","2026-06-23T12:54:27.864062+00:00"
"136","accessible_parking","대전광역시 서구","갈마1동 장애인주차장 3","장애인주차장","대전 서구 갈마1동 427-20","36.34085633","127.3662359","","대전|서구|장애인주차장|주차장|wheelchair|mobility_access","seogu.go.kr:dspsn_park_lc_sttus:3","ad601002-a670-4df8-802c-2809c4d9db5a","dd22b78e-d913-4138-b89d-2dfcfe285fdf","갈마1동 장애인주차장 3은/는 대전광역시 서구 장애인주차장 위치 정보입니다. 위치는 대전 서구 갈마1동 427-20입니다. 행정동은 갈마1동입니다. 좌표는 위도 36.34085633, 경도 127.3662359입니다. 장애인 주차 가능 여부와 실제 주차면 사용 가능 여부는 현장 상황에 따라 달라질 수 있습니다.","2026-06-23T12:59:38.725Z","2026-06-23T12:54:27.980879+00:00"
"137","accessible_parking","대전광역시 서구","갈마2동 장애인주차장 4","장애인주차장","대전 서구 갈마중로30번길 15-1","36.34627151","127.372832","","대전|서구|장애인주차장|주차장|wheelchair|mobility_access","seogu.go.kr:dspsn_park_lc_sttus:4","8f5e0513-e1cd-4e2d-9d5f-e483885e4cd1","53c4768c-2569-4c77-a34e-66355bdc91de","갈마2동 장애인주차장 4은/는 대전광역시 서구 장애인주차장 위치 정보입니다. 위치는 대전 서구 갈마중로30번길 15-1입니다. 행정동은 갈마2동입니다. 좌표는 위도 36.34627151, 경도 127.372832입니다. 장애인 주차 가능 여부와 실제 주차면 사용 가능 여부는 현장 상황에 따라 달라질 수 있습니다.","2026-06-23T12:59:38.725Z","2026-06-23T12:54:28.107193+00:00"
"138","accessible_parking","대전광역시 서구","갈마1동 장애인주차장 5","장애인주차장","대전 서구 계룡로326번길 50","36.35008208","127.36566","","대전|서구|장애인주차장|주차장|wheelchair|mobility_access","seogu.go.kr:dspsn_park_lc_sttus:5","36796665-3a14-4bcc-897f-798d854188d8","f67b06db-c498-4b0d-908a-0b9f3b3e8313","갈마1동 장애인주차장 5은/는 대전광역시 서구 장애인주차장 위치 정보입니다. 위치는 대전 서구 계룡로326번길 50입니다. 행정동은 갈마1동입니다. 좌표는 위도 36.35008208, 경도 127.36566입니다. 장애인 주차 가능 여부와 실제 주차면 사용 가능 여부는 현장 상황에 따라 달라질 수 있습니다.","2026-06-23T12:59:38.725Z","2026-06-23T12:54:28.231144+00:00"
"139","accessible_parking","대전광역시 서구","관저2동 장애인주차장 6","장애인주차장","대전 서구 관저동 1510","36.29938931","127.3378339","","대전|서구|장애인주차장|주차장|wheelchair|mobility_access","seogu.go.kr:dspsn_park_lc_sttus:6","c57a1f72-1b7a-4685-88ee-a1ce36197cd3","bd5f55c8-331a-4cdd-b2b2-a6d1f0102bfd","관저2동 장애인주차장 6은/는 대전광역시 서구 장애인주차장 위치 정보입니다. 위치는 대전 서구 관저동 1510입니다. 행정동은 관저2동입니다. 좌표는 위도 36.29938931, 경도 127.3378339입니다. 장애인 주차 가능 여부와 실제 주차면 사용 가능 여부는 현장 상황에 따라 달라질 수 있습니다.","2026-06-23T12:59:38.725Z","2026-06-23T12:54:28.435677+00:00"
"140","accessible_parking","대전광역시 서구","관저1동 장애인주차장 7","장애인주차장","대전 서구 관저동 981","36.30829571","127.3365673","","대전|서구|장애인주차장|주차장|wheelchair|mobility_access","seogu.go.kr:dspsn_park_lc_sttus:7","3f11d69e-677b-46e4-b5e3-cf97a2d28091","c30908ad-dc40-4035-a7a3-10f946b7c454","관저1동 장애인주차장 7은/는 대전광역시 서구 장애인주차장 위치 정보입니다. 위치는 대전 서구 관저동 981입니다. 행정동은 관저1동입니다. 좌표는 위도 36.30829571, 경도 127.3365673입니다. 장애인 주차 가능 여부와 실제 주차면 사용 가능 여부는 현장 상황에 따라 달라질 수 있습니다.","2026-06-23T12:59:38.725Z","2026-06-23T12:54:28.833148+00:00"
"141","accessible_parking","대전광역시 서구","관저2동 장애인주차장 8","장애인주차장","대전 서구 관저동로105번길 20","36.30166996","127.3395517","","대전|서구|장애인주차장|주차장|wheelchair|mobility_access","seogu.go.kr:dspsn_park_lc_sttus:8","c3840470-f2f5-4573-9fe2-d60678a0422d","9fcdadfd-b8d4-4f7e-b108-36952457bd1a","관저2동 장애인주차장 8은/는 대전광역시 서구 장애인주차장 위치 정보입니다. 위치는 대전 서구 관저동로105번길 20입니다. 행정동은 관저2동입니다. 좌표는 위도 36.30166996, 경도 127.3395517입니다. 장애인 주차 가능 여부와 실제 주차면 사용 가능 여부는 현장 상황에 따라 달라질 수 있습니다.","2026-06-23T12:59:38.725Z","2026-06-23T12:54:28.991452+00:00"
"142","accessible_parking","대전광역시 서구","기성동 장애인주차장 9","장애인주차장","대전 서구 괴곡동 782-1","36.28433818","127.3509851","","대전|서구|장애인주차장|주차장|wheelchair|mobility_access","seogu.go.kr:dspsn_park_lc_sttus:9","4a55012b-be51-40df-897d-8fc7c8a3ea6c","c6cdbc42-e55d-441d-b4f1-28234651860b","기성동 장애인주차장 9은/는 대전광역시 서구 장애인주차장 위치 정보입니다. 위치는 대전 서구 괴곡동 782-1입니다. 행정동은 기성동입니다. 좌표는 위도 36.28433818, 경도 127.3509851입니다. 장애인 주차 가능 여부와 실제 주차면 사용 가능 여부는 현장 상황에 따라 달라질 수 있습니다.","2026-06-23T12:59:38.725Z","2026-06-23T12:54:29.108836+00:00"
"143","accessible_parking","대전광역시 서구","괴정동 장애인주차장 10","장애인주차장","대전 서구 괴정동 80-42","36.33725587","127.3843888","","대전|서구|장애인주차장|주차장|wheelchair|mobility_access","seogu.go.kr:dspsn_park_lc_sttus:10","3da29679-d22f-416e-935e-3d73c28796c6","0b53987c-4bc2-42aa-9526-3f74a7694b78","괴정동 장애인주차장 10은/는 대전광역시 서구 장애인주차장 위치 정보입니다. 위치는 대전 서구 괴정동 80-42입니다. 행정동은 괴정동입니다. 좌표는 위도 36.33725587, 경도 127.3843888입니다. 장애인 주차 가능 여부와 실제 주차면 사용 가능 여부는 현장 상황에 따라 달라질 수 있습니다.","2026-06-23T12:59:38.725Z","2026-06-23T12:54:29.21684+00:00"
"144","accessible_parking","대전광역시 서구","괴정동 장애인주차장 11","장애인주차장","대전 서구 괴정동 88-2","36.33523176","127.3833576","","대전|서구|장애인주차장|주차장|wheelchair|mobility_access","seogu.go.kr:dspsn_park_lc_sttus:11","278588f1-2061-4456-9b7c-93edef628e32","98b7e405-e8bf-4eb7-8a8a-993698f4a805","괴정동 장애인주차장 11은/는 대전광역시 서구 장애인주차장 위치 정보입니다. 위치는 대전 서구 괴정동 88-2입니다. 행정동은 괴정동입니다. 좌표는 위도 36.33523176, 경도 127.3833576입니다. 장애인 주차 가능 여부와 실제 주차면 사용 가능 여부는 현장 상황에 따라 달라질 수 있습니다.","2026-06-23T12:59:38.725Z","2026-06-23T12:54:29.347031+00:00"
"145","accessible_parking","대전광역시 서구","내동 장애인주차장 12","장애인주차장","대전 서구 내동 15-13","36.33179649","127.3778376","","대전|서구|장애인주차장|주차장|wheelchair|mobility_access","seogu.go.kr:dspsn_park_lc_sttus:12","be4a9973-5f6a-43b5-a724-34e5e10e868b","eb4693c8-f69b-49ae-a358-c6ef97adde1f","내동 장애인주차장 12은/는 대전광역시 서구 장애인주차장 위치 정보입니다. 위치는 대전 서구 내동 15-13입니다. 행정동은 내동입니다. 좌표는 위도 36.33179649, 경도 127.3778376입니다. 장애인 주차 가능 여부와 실제 주차면 사용 가능 여부는 현장 상황에 따라 달라질 수 있습니다.","2026-06-23T12:59:38.725Z","2026-06-23T12:54:29.581068+00:00"
"146","accessible_parking","대전광역시 서구","갈마2동 장애인주차장 13","장애인주차장","대전 서구 대덕대로168번길","36.34592932","127.3780708","","대전|서구|장애인주차장|주차장|wheelchair|mobility_access","seogu.go.kr:dspsn_park_lc_sttus:13","e2b76a0f-2ce2-43b2-b8b1-c0702804d645","94ca52af-68b3-4633-8e3b-fcc9ad9ef71a","갈마2동 장애인주차장 13은/는 대전광역시 서구 장애인주차장 위치 정보입니다. 위치는 대전 서구 대덕대로168번길입니다. 행정동은 갈마2동입니다. 좌표는 위도 36.34592932, 경도 127.3780708입니다. 장애인 주차 가능 여부와 실제 주차면 사용 가능 여부는 현장 상황에 따라 달라질 수 있습니다.","2026-06-23T12:59:38.725Z","2026-06-23T12:54:29.719057+00:00"
"147","accessible_parking","대전광역시 서구","도마1동 장애인주차장 14","장애인주차장","대전 서구 도마2길 120","36.31548983","127.3842367","","대전|서구|장애인주차장|주차장|wheelchair|mobility_access","seogu.go.kr:dspsn_park_lc_sttus:14","40c5b0da-8064-43a7-910f-a7f23d615509","17c27133-71b8-4b8a-a2de-7d3d82105968","도마1동 장애인주차장 14은/는 대전광역시 서구 장애인주차장 위치 정보입니다. 위치는 대전 서구 도마2길 120입니다. 행정동은 도마1동입니다. 좌표는 위도 36.31548983, 경도 127.3842367입니다. 장애인 주차 가능 여부와 실제 주차면 사용 가능 여부는 현장 상황에 따라 달라질 수 있습니다.","2026-06-23T12:59:38.725Z","2026-06-23T12:54:29.831642+00:00"
"148","accessible_parking","대전광역시 서구","도마2동 장애인주차장 15","장애인주차장","대전 서구 도마2동 109-2","36.31754169","127.3732287","","대전|서구|장애인주차장|주차장|wheelchair|mobility_access","seogu.go.kr:dspsn_park_lc_sttus:15","1fbd2a48-48e4-434b-a76c-9c026213d94a","962b66ad-46e0-48b9-a773-3daab3ee28e2","도마2동 장애인주차장 15은/는 대전광역시 서구 장애인주차장 위치 정보입니다. 위치는 대전 서구 도마2동 109-2입니다. 행정동은 도마2동입니다. 좌표는 위도 36.31754169, 경도 127.3732287입니다. 장애인 주차 가능 여부와 실제 주차면 사용 가능 여부는 현장 상황에 따라 달라질 수 있습니다.","2026-06-23T12:59:38.725Z","2026-06-23T12:54:29.949799+00:00"
"149","accessible_parking","대전광역시 서구","도마2동 장애인주차장 16","장애인주차장","대전 서구 도마2동 155-28","36.31273756","127.3731446","","대전|서구|장애인주차장|주차장|wheelchair|mobility_access","seogu.go.kr:dspsn_park_lc_sttus:16","24151974-5138-4d0c-a7f7-cfd830252c8e","6f6eeab5-b58c-4823-9141-f5d744555e75","도마2동 장애인주차장 16은/는 대전광역시 서구 장애인주차장 위치 정보입니다. 위치는 대전 서구 도마2동 155-28입니다. 행정동은 도마2동입니다. 좌표는 위도 36.31273756, 경도 127.3731446입니다. 장애인 주차 가능 여부와 실제 주차면 사용 가능 여부는 현장 상황에 따라 달라질 수 있습니다.","2026-06-23T12:59:38.725Z","2026-06-23T12:54:30.06144+00:00"
"150","accessible_parking","대전광역시 서구","도마2동 장애인주차장 17","장애인주차장","대전 서구 도마동 155-6","36.31260553","127.373747","","대전|서구|장애인주차장|주차장|wheelchair|mobility_access","seogu.go.kr:dspsn_park_lc_sttus:17","ec43a915-3785-436c-a16f-b529f85e7313","1f642b0d-3408-4d33-beda-54d3e8be70d0","도마2동 장애인주차장 17은/는 대전광역시 서구 장애인주차장 위치 정보입니다. 위치는 대전 서구 도마동 155-6입니다. 행정동은 도마2동입니다. 좌표는 위도 36.31260553, 경도 127.373747입니다. 장애인 주차 가능 여부와 실제 주차면 사용 가능 여부는 현장 상황에 따라 달라질 수 있습니다.","2026-06-23T12:59:38.725Z","2026-06-23T12:54:30.18721+00:00"
"151","accessible_parking","대전광역시 서구","도마2동 장애인주차장 18","장애인주차장","대전 서구 도마동 566","36.30976405","127.3698277","","대전|서구|장애인주차장|주차장|wheelchair|mobility_access","seogu.go.kr:dspsn_park_lc_sttus:18","5c79abd6-2eda-4832-8937-b4bac0a12e33","ffccdaa7-eeb0-4db0-a19f-c21e68f4eb2d","도마2동 장애인주차장 18은/는 대전광역시 서구 장애인주차장 위치 정보입니다. 위치는 대전 서구 도마동 566입니다. 행정동은 도마2동입니다. 좌표는 위도 36.30976405, 경도 127.3698277입니다. 장애인 주차 가능 여부와 실제 주차면 사용 가능 여부는 현장 상황에 따라 달라질 수 있습니다.","2026-06-23T12:59:38.725Z","2026-06-23T12:54:30.305044+00:00"
"152","accessible_parking","대전광역시 서구","도마1동 장애인주차장 19","장애인주차장","대전 서구 도마시장1길 35","36.31558703","127.3821089","","대전|서구|장애인주차장|주차장|wheelchair|mobility_access","seogu.go.kr:dspsn_park_lc_sttus:19","1e781b1a-5cfc-4ad6-8d85-6112a978061c","acd07817-aeca-43e4-aa6d-c1b7c43daafc","도마1동 장애인주차장 19은/는 대전광역시 서구 장애인주차장 위치 정보입니다. 위치는 대전 서구 도마시장1길 35입니다. 행정동은 도마1동입니다. 좌표는 위도 36.31558703, 경도 127.3821089입니다. 장애인 주차 가능 여부와 실제 주차면 사용 가능 여부는 현장 상황에 따라 달라질 수 있습니다.","2026-06-23T12:59:38.725Z","2026-06-23T12:54:30.418338+00:00"
"153","accessible_parking","대전광역시 서구","괴정동 장애인주차장 20","장애인주차장","대전 서구 도솔로302번길 10","36.33463277","127.3825492","","대전|서구|장애인주차장|주차장|wheelchair|mobility_access","seogu.go.kr:dspsn_park_lc_sttus:20","0740d9e0-fe43-49dc-9f89-3983491cc440","94da2068-4d9e-48c4-b4a5-1d0e77d901e5","괴정동 장애인주차장 20은/는 대전광역시 서구 장애인주차장 위치 정보입니다. 위치는 대전 서구 도솔로302번길 10입니다. 행정동은 괴정동입니다. 좌표는 위도 36.33463277, 경도 127.3825492입니다. 장애인 주차 가능 여부와 실제 주차면 사용 가능 여부는 현장 상황에 따라 달라질 수 있습니다.","2026-06-23T12:59:38.725Z","2026-06-23T12:54:30.535449+00:00"
"154","accessible_parking","대전광역시 서구","둔산2동 장애인주차장 21","장애인주차장","대전 서구 둔산남로9번길","36.35017253","127.3794855","","대전|서구|장애인주차장|주차장|wheelchair|mobility_access","seogu.go.kr:dspsn_park_lc_sttus:21","c2e627cb-cbc7-4b58-a3bb-849ae01d1642","73d1f752-d49b-4efa-9852-9a4204b22379","둔산2동 장애인주차장 21은/는 대전광역시 서구 장애인주차장 위치 정보입니다. 위치는 대전 서구 둔산남로9번길입니다. 행정동은 둔산2동입니다. 좌표는 위도 36.35017253, 경도 127.3794855입니다. 장애인 주차 가능 여부와 실제 주차면 사용 가능 여부는 현장 상황에 따라 달라질 수 있습니다.","2026-06-23T12:59:38.725Z","2026-06-23T12:54:30.658473+00:00"
"155","accessible_parking","대전광역시 서구","둔산1동 장애인주차장 22","장애인주차장","대전 서구 둔산북로90번길","36.35381938","127.3841028","","대전|서구|장애인주차장|주차장|wheelchair|mobility_access","seogu.go.kr:dspsn_park_lc_sttus:22","be368533-1300-4fa5-ba71-caaff8d6bf7e","08127bac-f22d-4a2e-8d4c-554d1996fd9f","둔산1동 장애인주차장 22은/는 대전광역시 서구 장애인주차장 위치 정보입니다. 위치는 대전 서구 둔산북로90번길입니다. 행정동은 둔산1동입니다. 좌표는 위도 36.35381938, 경도 127.3841028입니다. 장애인 주차 가능 여부와 실제 주차면 사용 가능 여부는 현장 상황에 따라 달라질 수 있습니다.","2026-06-23T12:59:38.725Z","2026-06-23T12:54:30.975824+00:00"
"156","accessible_parking","대전광역시 서구","만년동 장애인주차장 23","장애인주차장","대전 서구 만년동 66","36.36635803","127.3723926","","대전|서구|장애인주차장|주차장|wheelchair|mobility_access","seogu.go.kr:dspsn_park_lc_sttus:23","92d2e753-dd2a-44d2-85f8-e18a2039817c","50e2739e-802f-4dc7-92a7-3256b2d9126f","만년동 장애인주차장 23은/는 대전광역시 서구 장애인주차장 위치 정보입니다. 위치는 대전 서구 만년동 66입니다. 행정동은 만년동입니다. 좌표는 위도 36.36635803, 경도 127.3723926입니다. 장애인 주차 가능 여부와 실제 주차면 사용 가능 여부는 현장 상황에 따라 달라질 수 있습니다.","2026-06-23T12:59:38.725Z","2026-06-23T12:54:31.297161+00:00"
"157","accessible_parking","대전광역시 서구","탄방동 장애인주차장 24","장애인주차장","대전 서구 문정로48번길","36.34496063","127.3842058","","대전|서구|장애인주차장|주차장|wheelchair|mobility_access","seogu.go.kr:dspsn_park_lc_sttus:24","0030fcbc-dc25-4ad4-92ee-7380d37794b0","c4d350b4-0d63-46b7-b5a6-1e239846574a","탄방동 장애인주차장 24은/는 대전광역시 서구 장애인주차장 위치 정보입니다. 위치는 대전 서구 문정로48번길입니다. 행정동은 탄방동입니다. 좌표는 위도 36.34496063, 경도 127.3842058입니다. 장애인 주차 가능 여부와 실제 주차면 사용 가능 여부는 현장 상황에 따라 달라질 수 있습니다.","2026-06-23T12:59:38.725Z","2026-06-23T12:54:31.43818+00:00"
"158","accessible_parking","대전광역시 서구","변동 장애인주차장 25","장애인주차장","대전 서구 변동 18-1","36.32859978","127.3783642","","대전|서구|장애인주차장|주차장|wheelchair|mobility_access","seogu.go.kr:dspsn_park_lc_sttus:25","15d6f3db-3476-4e96-899b-1ed308d1a304","920b73ed-9457-4c0f-9769-f91e59efea57","변동 장애인주차장 25은/는 대전광역시 서구 장애인주차장 위치 정보입니다. 위치는 대전 서구 변동 18-1입니다. 행정동은 변동입니다. 좌표는 위도 36.32859978, 경도 127.3783642입니다. 장애인 주차 가능 여부와 실제 주차면 사용 가능 여부는 현장 상황에 따라 달라질 수 있습니다.","2026-06-23T12:59:38.725Z","2026-06-23T12:54:31.545588+00:00"
"159","accessible_parking","대전광역시 서구","변동 장애인주차장 26","장애인주차장","대전 서구 변동 47-32","36.32451801","127.3802788","","대전|서구|장애인주차장|주차장|wheelchair|mobility_access","seogu.go.kr:dspsn_park_lc_sttus:26","db7fac25-a0b5-4f69-a1e0-24fd26721aad","627b6fb1-716f-42ef-8eb6-ca3ab9116e4e","변동 장애인주차장 26은/는 대전광역시 서구 장애인주차장 위치 정보입니다. 위치는 대전 서구 변동 47-32입니다. 행정동은 변동입니다. 좌표는 위도 36.32451801, 경도 127.3802788입니다. 장애인 주차 가능 여부와 실제 주차면 사용 가능 여부는 현장 상황에 따라 달라질 수 있습니다.","2026-06-23T12:59:38.725Z","2026-06-23T12:54:31.663072+00:00"
"160","accessible_parking","대전광역시 서구","복수동 장애인주차장 27","장애인주차장","대전 서구 복수동 613","36.30051981","127.3789651","","대전|서구|장애인주차장|주차장|wheelchair|mobility_access","seogu.go.kr:dspsn_park_lc_sttus:27","c0fb7746-8dda-4808-9870-f68a788a2ce8","1d62b359-713c-4a51-b531-7db8961b60a0","복수동 장애인주차장 27은/는 대전광역시 서구 장애인주차장 위치 정보입니다. 위치는 대전 서구 복수동 613입니다. 행정동은 복수동입니다. 좌표는 위도 36.30051981, 경도 127.3789651입니다. 장애인 주차 가능 여부와 실제 주차면 사용 가능 여부는 현장 상황에 따라 달라질 수 있습니다.","2026-06-23T12:59:38.725Z","2026-06-23T12:54:31.77618+00:00"
"161","accessible_parking","대전광역시 서구","복수동 장애인주차장 28","장애인주차장","대전 서구 복수동 614","36.29986192","127.3789703","","대전|서구|장애인주차장|주차장|wheelchair|mobility_access","seogu.go.kr:dspsn_park_lc_sttus:28","d15ac949-d1d4-40c7-9718-8bbf65949d2d","c78cfd03-3eca-4ec1-a96e-7fb8376f135b","복수동 장애인주차장 28은/는 대전광역시 서구 장애인주차장 위치 정보입니다. 위치는 대전 서구 복수동 614입니다. 행정동은 복수동입니다. 좌표는 위도 36.29986192, 경도 127.3789703입니다. 장애인 주차 가능 여부와 실제 주차면 사용 가능 여부는 현장 상황에 따라 달라질 수 있습니다.","2026-06-23T12:59:38.725Z","2026-06-23T12:54:31.910157+00:00"
"162","accessible_parking","대전광역시 서구","복수동 장애인주차장 29","장애인주차장","대전 서구 복수동 645","36.29903516","127.3794334","","대전|서구|장애인주차장|주차장|wheelchair|mobility_access","seogu.go.kr:dspsn_park_lc_sttus:29","0c28ebb3-bd7c-4653-873e-eac11e56bb93","84ecd782-b1cf-4ab0-b73c-9728d171b248","복수동 장애인주차장 29은/는 대전광역시 서구 장애인주차장 위치 정보입니다. 위치는 대전 서구 복수동 645입니다. 행정동은 복수동입니다. 좌표는 위도 36.29903516, 경도 127.3794334입니다. 장애인 주차 가능 여부와 실제 주차면 사용 가능 여부는 현장 상황에 따라 달라질 수 있습니다.","2026-06-23T12:59:38.725Z","2026-06-23T12:54:32.080118+00:00"
"163","accessible_parking","대전광역시 서구","복수동 장애인주차장 30","장애인주차장","대전 서구 복수동 690","36.29786853","127.3804001","","대전|서구|장애인주차장|주차장|wheelchair|mobility_access","seogu.go.kr:dspsn_park_lc_sttus:30","a6a8544b-3cf5-441c-bcfd-8382a2d7defe","08c3962e-fa1f-4b1c-a2f2-020b310b1a7b","복수동 장애인주차장 30은/는 대전광역시 서구 장애인주차장 위치 정보입니다. 위치는 대전 서구 복수동 690입니다. 행정동은 복수동입니다. 좌표는 위도 36.29786853, 경도 127.3804001입니다. 장애인 주차 가능 여부와 실제 주차면 사용 가능 여부는 현장 상황에 따라 달라질 수 있습니다.","2026-06-23T12:59:38.725Z","2026-06-23T12:54:32.21015+00:00"
"164","accessible_parking","대전광역시 서구","복수동 장애인주차장 31","장애인주차장","대전 서구 복수동 781","36.29762146","127.3779415","","대전|서구|장애인주차장|주차장|wheelchair|mobility_access","seogu.go.kr:dspsn_park_lc_sttus:31","66bf29aa-cca0-473e-bc6d-2e6d4ff1d4d4","a93af10b-a441-442c-bae3-ccba80f7d24c","복수동 장애인주차장 31은/는 대전광역시 서구 장애인주차장 위치 정보입니다. 위치는 대전 서구 복수동 781입니다. 행정동은 복수동입니다. 좌표는 위도 36.29762146, 경도 127.3779415입니다. 장애인 주차 가능 여부와 실제 주차면 사용 가능 여부는 현장 상황에 따라 달라질 수 있습니다.","2026-06-23T12:59:38.725Z","2026-06-23T12:54:32.343599+00:00"
"165","accessible_parking","대전광역시 서구","월평1동 장애인주차장 32","장애인주차장","대전 서구 월평1동 1185","36.35518175","127.3569503","","대전|서구|장애인주차장|주차장|wheelchair|mobility_access","seogu.go.kr:dspsn_park_lc_sttus:32","8e494452-7d77-4c36-bb23-19b48a271e10","ba459baa-96a0-48b8-afab-f6c3fbbf12cf","월평1동 장애인주차장 32은/는 대전광역시 서구 장애인주차장 위치 정보입니다. 위치는 대전 서구 월평1동 1185입니다. 행정동은 월평1동입니다. 좌표는 위도 36.35518175, 경도 127.3569503입니다. 장애인 주차 가능 여부와 실제 주차면 사용 가능 여부는 현장 상황에 따라 달라질 수 있습니다.","2026-06-23T12:59:38.725Z","2026-06-23T12:54:32.484644+00:00"
"166","accessible_parking","대전광역시 서구","월평1동 장애인주차장 33","장애인주차장","대전 서구 월평1동 1275","36.35439117","127.3557423","","대전|서구|장애인주차장|주차장|wheelchair|mobility_access","seogu.go.kr:dspsn_park_lc_sttus:33","79b5b346-0cab-4514-8630-5822e8ca9d84","c9755053-7abf-48fc-aa50-b8038a6a0f6c","월평1동 장애인주차장 33은/는 대전광역시 서구 장애인주차장 위치 정보입니다. 위치는 대전 서구 월평1동 1275입니다. 행정동은 월평1동입니다. 좌표는 위도 36.35439117, 경도 127.3557423입니다. 장애인 주차 가능 여부와 실제 주차면 사용 가능 여부는 현장 상황에 따라 달라질 수 있습니다.","2026-06-23T12:59:38.725Z","2026-06-23T12:54:32.643522+00:00"
"167","accessible_parking","대전광역시 서구","월평1동 장애인주차장 34","장애인주차장","대전 서구 월평로 53-3","36.35639348","127.3627676","","대전|서구|장애인주차장|주차장|wheelchair|mobility_access","seogu.go.kr:dspsn_park_lc_sttus:34","e94a4034-909e-4e2f-9516-eb172083bbcc","bc3e094f-431c-4013-a5ca-d084d215da5e","월평1동 장애인주차장 34은/는 대전광역시 서구 장애인주차장 위치 정보입니다. 위치는 대전 서구 월평로 53-3입니다. 행정동은 월평1동입니다. 좌표는 위도 36.35639348, 경도 127.3627676입니다. 장애인 주차 가능 여부와 실제 주차면 사용 가능 여부는 현장 상황에 따라 달라질 수 있습니다.","2026-06-23T12:59:38.725Z","2026-06-23T12:54:32.767444+00:00"
"168","accessible_parking","대전광역시 서구","용문동 장애인주차장 35","장애인주차장","대전 서구 유등로497","36.33328878","127.39469","","대전|서구|장애인주차장|주차장|wheelchair|mobility_access","seogu.go.kr:dspsn_park_lc_sttus:35","875a2872-0fca-4d47-a8da-9028861f13a9","fc82bdc1-8416-40d9-8ce3-c29cb48daf5c","용문동 장애인주차장 35은/는 대전광역시 서구 장애인주차장 위치 정보입니다. 위치는 대전 서구 유등로497입니다. 행정동은 용문동입니다. 좌표는 위도 36.33328878, 경도 127.39469입니다. 장애인 주차 가능 여부와 실제 주차면 사용 가능 여부는 현장 상황에 따라 달라질 수 있습니다.","2026-06-23T12:59:38.725Z","2026-06-23T12:54:32.902916+00:00"
"169","accessible_parking","대전광역시 서구","정림동 장애인주차장 36","장애인주차장","대전 서구 정림동 127-1","36.30550233","127.3683476","","대전|서구|장애인주차장|주차장|wheelchair|mobility_access","seogu.go.kr:dspsn_park_lc_sttus:36","6d4ea19a-9774-4269-9e07-5cc23889f3b9","e2eb5d40-4fed-4802-85ca-aad6365c66ee","정림동 장애인주차장 36은/는 대전광역시 서구 장애인주차장 위치 정보입니다. 위치는 대전 서구 정림동 127-1입니다. 행정동은 정림동입니다. 좌표는 위도 36.30550233, 경도 127.3683476입니다. 장애인 주차 가능 여부와 실제 주차면 사용 가능 여부는 현장 상황에 따라 달라질 수 있습니다.","2026-06-23T12:59:38.725Z","2026-06-23T12:54:33.046614+00:00"
"170","accessible_parking","대전광역시 서구","정림동 장애인주차장 37","장애인주차장","대전 서구 정림동 402-6","36.30425568","127.3626901","","대전|서구|장애인주차장|주차장|wheelchair|mobility_access","seogu.go.kr:dspsn_park_lc_sttus:37","d5e598cd-8ea8-4d6a-8aa8-5bccccff229c","d4767694-1323-4338-b06d-3d4dd0c50717","정림동 장애인주차장 37은/는 대전광역시 서구 장애인주차장 위치 정보입니다. 위치는 대전 서구 정림동 402-6입니다. 행정동은 정림동입니다. 좌표는 위도 36.30425568, 경도 127.3626901입니다. 장애인 주차 가능 여부와 실제 주차면 사용 가능 여부는 현장 상황에 따라 달라질 수 있습니다.","2026-06-23T12:59:38.725Z","2026-06-23T12:54:33.192692+00:00"
"171","accessible_parking","대전광역시 서구","변동 장애인주차장 38","장애인주차장","대전 서구 중반5길15","36.32811727","127.3826562","","대전|서구|장애인주차장|주차장|wheelchair|mobility_access","seogu.go.kr:dspsn_park_lc_sttus:38","f8361d8b-7ad6-4a7f-8107-af3f7a857f84","18f38107-3ac5-476c-b9e2-e7be684a4e36","변동 장애인주차장 38은/는 대전광역시 서구 장애인주차장 위치 정보입니다. 위치는 대전 서구 중반5길15입니다. 행정동은 변동입니다. 좌표는 위도 36.32811727, 경도 127.3826562입니다. 장애인 주차 가능 여부와 실제 주차면 사용 가능 여부는 현장 상황에 따라 달라질 수 있습니다.","2026-06-23T12:59:38.725Z","2026-06-23T12:54:33.318496+00:00"
"172","accessible_parking","대전광역시 서구","탄방동 장애인주차장 39","장애인주차장","대전 서구 탄방동 1379","36.34555353","127.3998091","","대전|서구|장애인주차장|주차장|wheelchair|mobility_access","seogu.go.kr:dspsn_park_lc_sttus:39","13232a09-1c36-42bc-b4e4-01e94b6c74b8","d9d64e06-f711-4e0b-a0e6-90bc0b292f4e","탄방동 장애인주차장 39은/는 대전광역시 서구 장애인주차장 위치 정보입니다. 위치는 대전 서구 탄방동 1379입니다. 행정동은 탄방동입니다. 좌표는 위도 36.34555353, 경도 127.3998091입니다. 장애인 주차 가능 여부와 실제 주차면 사용 가능 여부는 현장 상황에 따라 달라질 수 있습니다.","2026-06-23T12:59:38.725Z","2026-06-23T12:54:33.501276+00:00"
"173","accessible_parking","대전광역시 서구","탄방동 장애인주차장 40","장애인주차장","대전 서구 탄방동 667","36.34462514","127.3855676","","대전|서구|장애인주차장|주차장|wheelchair|mobility_access","seogu.go.kr:dspsn_park_lc_sttus:40","09c41a5d-dd5f-41a0-94a0-552f4d686a60","fe68d497-fa2a-48ab-bd35-95aadeab20d2","탄방동 장애인주차장 40은/는 대전광역시 서구 장애인주차장 위치 정보입니다. 위치는 대전 서구 탄방동 667입니다. 행정동은 탄방동입니다. 좌표는 위도 36.34462514, 경도 127.3855676입니다. 장애인 주차 가능 여부와 실제 주차면 사용 가능 여부는 현장 상황에 따라 달라질 수 있습니다.","2026-06-23T12:59:38.725Z","2026-06-23T12:54:33.613593+00:00"
"174","accessible_parking","대전광역시 서구","월평1동 장애인주차장 41","장애인주차장","대전 서구 한밭대로570번길","36.35734958","127.3612222","","대전|서구|장애인주차장|주차장|wheelchair|mobility_access","seogu.go.kr:dspsn_park_lc_sttus:41","c822847b-78c5-4a35-b352-9d2360a81c8b","7d313122-7494-4367-973f-ae5f66d6ea86","월평1동 장애인주차장 41은/는 대전광역시 서구 장애인주차장 위치 정보입니다. 위치는 대전 서구 한밭대로570번길입니다. 행정동은 월평1동입니다. 좌표는 위도 36.35734958, 경도 127.3612222입니다. 장애인 주차 가능 여부와 실제 주차면 사용 가능 여부는 현장 상황에 따라 달라질 수 있습니다.","2026-06-23T12:59:38.725Z","2026-06-23T12:54:33.762593+00:00"
"175","accessible_parking","대전광역시 서구","둔산3동 장애인주차장 42","장애인주차장","대전 서구 둔산동 2025","36.34957346","127.3998786","","대전|서구|장애인주차장|주차장|wheelchair|mobility_access","seogu.go.kr:dspsn_park_lc_sttus:42","9d049f17-641b-414b-878a-2f73afe30699","0923d00b-0c65-4f75-8665-42199772b0bd","둔산3동 장애인주차장 42은/는 대전광역시 서구 장애인주차장 위치 정보입니다. 위치는 대전 서구 둔산동 2025입니다. 행정동은 둔산3동입니다. 좌표는 위도 36.34957346, 경도 127.3998786입니다. 장애인 주차 가능 여부와 실제 주차면 사용 가능 여부는 현장 상황에 따라 달라질 수 있습니다.","2026-06-23T12:59:38.725Z","2026-06-23T12:54:33.882618+00:00"
"176","accessible_parking","대전광역시 서구","도마1동 장애인주차장 43","장애인주차장","대전 서구 도마동 131-3","36.31646539","127.3811665","","대전|서구|장애인주차장|주차장|wheelchair|mobility_access","seogu.go.kr:dspsn_park_lc_sttus:43","a251a7fa-e065-4609-9602-64fc77256006","78733d64-1c26-40ba-b38a-173320b70350","도마1동 장애인주차장 43은/는 대전광역시 서구 장애인주차장 위치 정보입니다. 위치는 대전 서구 도마동 131-3입니다. 행정동은 도마1동입니다. 좌표는 위도 36.31646539, 경도 127.3811665입니다. 장애인 주차 가능 여부와 실제 주차면 사용 가능 여부는 현장 상황에 따라 달라질 수 있습니다.","2026-06-23T12:59:38.725Z","2026-06-23T12:54:33.995729+00:00"
"177","accessible_parking","대전광역시 서구","내동 장애인주차장 44","장애인주차장","대전 서구 내동 23-83","36.33278438","127.375435","","대전|서구|장애인주차장|주차장|wheelchair|mobility_access","seogu.go.kr:dspsn_park_lc_sttus:44","2d25e745-a580-4556-94d2-5a92634924a4","6a5d080b-1450-4567-82bd-9309c3062159","내동 장애인주차장 44은/는 대전광역시 서구 장애인주차장 위치 정보입니다. 위치는 대전 서구 내동 23-83입니다. 행정동은 내동입니다. 좌표는 위도 36.33278438, 경도 127.375435입니다. 장애인 주차 가능 여부와 실제 주차면 사용 가능 여부는 현장 상황에 따라 달라질 수 있습니다.","2026-06-23T12:59:38.725Z","2026-06-23T12:54:34.118157+00:00"
"178","accessible_parking","대전광역시 서구","변동 장애인주차장 45","장애인주차장","대전 서구 변동 57-1","36.32329894","127.3763458","","대전|서구|장애인주차장|주차장|wheelchair|mobility_access","seogu.go.kr:dspsn_park_lc_sttus:45","24a1713c-5f49-431f-854b-2bd156d2e03e","99de5e32-7a41-4da7-92ff-ed57c9bc9f3e","변동 장애인주차장 45은/는 대전광역시 서구 장애인주차장 위치 정보입니다. 위치는 대전 서구 변동 57-1입니다. 행정동은 변동입니다. 좌표는 위도 36.32329894, 경도 127.3763458입니다. 장애인 주차 가능 여부와 실제 주차면 사용 가능 여부는 현장 상황에 따라 달라질 수 있습니다.","2026-06-23T12:59:38.725Z","2026-06-23T12:54:34.229138+00:00"
"179","accessible_parking","대전광역시 서구","갈마1동 장애인주차장 46","장애인주차장","대전 서구 갈마동 301-3","36.35177405","127.3652118","","대전|서구|장애인주차장|주차장|wheelchair|mobility_access","seogu.go.kr:dspsn_park_lc_sttus:46","dc140548-abb2-4a39-8169-6726095cb427","63d2ba97-5d52-4ca2-af66-8f979e0afb06","갈마1동 장애인주차장 46은/는 대전광역시 서구 장애인주차장 위치 정보입니다. 위치는 대전 서구 갈마동 301-3입니다. 행정동은 갈마1동입니다. 좌표는 위도 36.35177405, 경도 127.3652118입니다. 장애인 주차 가능 여부와 실제 주차면 사용 가능 여부는 현장 상황에 따라 달라질 수 있습니다.","2026-06-23T12:59:38.725Z","2026-06-23T12:54:34.347296+00:00"
"180","accessible_parking","대전광역시 서구","가수원동 장애인주차장 47","장애인주차장","대전 서구 가수원동 767-6","36.30379792","127.352951","","대전|서구|장애인주차장|주차장|wheelchair|mobility_access","seogu.go.kr:dspsn_park_lc_sttus:47","441a5b41-91c1-44db-82db-944af72a80b4","598d8aea-a8b7-4e31-a511-9230afe4bc08","가수원동 장애인주차장 47은/는 대전광역시 서구 장애인주차장 위치 정보입니다. 위치는 대전 서구 가수원동 767-6입니다. 행정동은 가수원동입니다. 좌표는 위도 36.30379792, 경도 127.352951입니다. 장애인 주차 가능 여부와 실제 주차면 사용 가능 여부는 현장 상황에 따라 달라질 수 있습니다.","2026-06-23T12:59:38.725Z","2026-06-23T12:54:34.487067+00:00"
"181","accessible_parking","대전광역시 서구","복수동 장애인주차장 48","장애인주차장","대전 서구 복수동 751","36.29771076","127.376048","","대전|서구|장애인주차장|주차장|wheelchair|mobility_access","seogu.go.kr:dspsn_park_lc_sttus:48","1cf38ac7-9a13-40c5-b3ed-9da78c179166","e1ee7deb-ee99-4426-aeb3-5443660a0ad9","복수동 장애인주차장 48은/는 대전광역시 서구 장애인주차장 위치 정보입니다. 위치는 대전 서구 복수동 751입니다. 행정동은 복수동입니다. 좌표는 위도 36.29771076, 경도 127.376048입니다. 장애인 주차 가능 여부와 실제 주차면 사용 가능 여부는 현장 상황에 따라 달라질 수 있습니다.","2026-06-23T12:59:38.725Z","2026-06-23T12:54:34.612284+00:00"
"182","accessible_parking","대전광역시 서구","기성동 장애인주차장 49","장애인주차장","대전 서구 흑석동 966","36.25419197","127.3412414","","대전|서구|장애인주차장|주차장|wheelchair|mobility_access","seogu.go.kr:dspsn_park_lc_sttus:49","aeadebb7-b209-4183-8ac4-b5d8b5884aaa","d450f0c3-c5a8-4191-871b-9539fd54790c","기성동 장애인주차장 49은/는 대전광역시 서구 장애인주차장 위치 정보입니다. 위치는 대전 서구 흑석동 966입니다. 행정동은 기성동입니다. 좌표는 위도 36.25419197, 경도 127.3412414입니다. 장애인 주차 가능 여부와 실제 주차면 사용 가능 여부는 현장 상황에 따라 달라질 수 있습니다.","2026-06-23T12:59:38.725Z","2026-06-23T12:54:34.758598+00:00"
"183","accessible_parking","대전광역시 서구","관저동 장애인주차장 50","장애인주차장","대전 서구 관저동 999-1","36.30432549","127.3373469","","대전|서구|장애인주차장|주차장|wheelchair|mobility_access","seogu.go.kr:dspsn_park_lc_sttus:50","62485f2a-4992-48b3-a81c-29ae6514e4a1","6d41aa28-aea5-4b7a-88c5-7ffbde1c2cf2","관저동 장애인주차장 50은/는 대전광역시 서구 장애인주차장 위치 정보입니다. 위치는 대전 서구 관저동 999-1입니다. 행정동은 관저동입니다. 좌표는 위도 36.30432549, 경도 127.3373469입니다. 장애인 주차 가능 여부와 실제 주차면 사용 가능 여부는 현장 상황에 따라 달라질 수 있습니다.","2026-06-23T12:59:38.725Z","2026-06-23T12:54:34.882759+00:00"
"184","accessible_parking","대전광역시 서구","갈마2동 장애인주차장 51","장애인주차장","대전 서구 갈마2동 1203","36.34460295","127.3743159","","대전|서구|장애인주차장|주차장|wheelchair|mobility_access","seogu.go.kr:dspsn_park_lc_sttus:51","7f4c55b0-a885-4047-8039-73f02b13e39b","845afc84-a9e1-413d-9329-fd38de87cc71","갈마2동 장애인주차장 51은/는 대전광역시 서구 장애인주차장 위치 정보입니다. 위치는 대전 서구 갈마2동 1203입니다. 행정동은 갈마2동입니다. 좌표는 위도 36.34460295, 경도 127.3743159입니다. 장애인 주차 가능 여부와 실제 주차면 사용 가능 여부는 현장 상황에 따라 달라질 수 있습니다.","2026-06-23T12:59:38.725Z","2026-06-23T12:54:35.003579+00:00"
"185","accessible_parking","대전광역시 서구","갈마2동 장애인주차장 52","장애인주차장","대전 서구 갈마2동 1207","36.34470301","127.3744933","","대전|서구|장애인주차장|주차장|wheelchair|mobility_access","seogu.go.kr:dspsn_park_lc_sttus:52","1ed7b1d6-c8a8-4122-b483-1cbf8db2ef17","e98656ae-061d-4741-9049-43c366a27ace","갈마2동 장애인주차장 52은/는 대전광역시 서구 장애인주차장 위치 정보입니다. 위치는 대전 서구 갈마2동 1207입니다. 행정동은 갈마2동입니다. 좌표는 위도 36.34470301, 경도 127.3744933입니다. 장애인 주차 가능 여부와 실제 주차면 사용 가능 여부는 현장 상황에 따라 달라질 수 있습니다.","2026-06-23T12:59:38.725Z","2026-06-23T12:54:35.117458+00:00"
"186","accessible_parking","대전광역시 서구","기성동 장애인주차장 53","장애인주차장","대전 서구 괴곡동 782-1","36.28433818","127.3509851","","대전|서구|장애인주차장|주차장|wheelchair|mobility_access","seogu.go.kr:dspsn_park_lc_sttus:53","a735531c-cdf2-42c6-8afa-3550d614545e","9fa81673-d3bb-4d5d-bbf7-fd6314a3074f","기성동 장애인주차장 53은/는 대전광역시 서구 장애인주차장 위치 정보입니다. 위치는 대전 서구 괴곡동 782-1입니다. 행정동은 기성동입니다. 좌표는 위도 36.28433818, 경도 127.3509851입니다. 장애인 주차 가능 여부와 실제 주차면 사용 가능 여부는 현장 상황에 따라 달라질 수 있습니다.","2026-06-23T12:59:38.725Z","2026-06-23T12:54:35.228021+00:00"
"187","accessible_parking","대전광역시 서구","용문동 장애인주차장 54","장애인주차장","대전 서구 도산로 346","36.33564585","127.3903052","","대전|서구|장애인주차장|주차장|wheelchair|mobility_access","seogu.go.kr:dspsn_park_lc_sttus:54","34a73202-9b8a-4325-80cb-36bd89fbbcfd","80c7ef01-284c-4036-8765-20280335e72d","용문동 장애인주차장 54은/는 대전광역시 서구 장애인주차장 위치 정보입니다. 위치는 대전 서구 도산로 346입니다. 행정동은 용문동입니다. 좌표는 위도 36.33564585, 경도 127.3903052입니다. 장애인 주차 가능 여부와 실제 주차면 사용 가능 여부는 현장 상황에 따라 달라질 수 있습니다.","2026-06-23T12:59:38.725Z","2026-06-23T12:54:35.392298+00:00"
"188","accessible_parking","대전광역시 서구","관저2동 장애인주차장 55","장애인주차장","대전 서구 관저동 843-16","36.28418072","127.3225335","","대전|서구|장애인주차장|주차장|wheelchair|mobility_access","seogu.go.kr:dspsn_park_lc_sttus:55","0456be9c-2761-414d-a99f-851bc74d6128","dda810d3-def6-4f5d-8221-56f2b51966cb","관저2동 장애인주차장 55은/는 대전광역시 서구 장애인주차장 위치 정보입니다. 위치는 대전 서구 관저동 843-16입니다. 행정동은 관저2동입니다. 좌표는 위도 36.28418072, 경도 127.3225335입니다. 장애인 주차 가능 여부와 실제 주차면 사용 가능 여부는 현장 상황에 따라 달라질 수 있습니다.","2026-06-23T12:59:38.725Z","2026-06-23T12:54:35.545078+00:00"
"189","accessible_parking","대전광역시 서구","도마2동 장애인주차장 56","장애인주차장","대전 서구 도마동 101-11","36.31706991","127.3760835","","대전|서구|장애인주차장|주차장|wheelchair|mobility_access","seogu.go.kr:dspsn_park_lc_sttus:56","77eaab80-a7df-4755-8c18-e1b4c81da542","2e189c41-1893-47e3-8c09-900ee5232216","도마2동 장애인주차장 56은/는 대전광역시 서구 장애인주차장 위치 정보입니다. 위치는 대전 서구 도마동 101-11입니다. 행정동은 도마2동입니다. 좌표는 위도 36.31706991, 경도 127.3760835입니다. 장애인 주차 가능 여부와 실제 주차면 사용 가능 여부는 현장 상황에 따라 달라질 수 있습니다.","2026-06-23T12:59:38.725Z","2026-06-23T12:54:35.686618+00:00"
"190","accessible_parking","대전광역시 서구","변동 장애인주차장 57","장애인주차장","대전 서구 변동 252-12","36.32951505","127.3689785","","대전|서구|장애인주차장|주차장|wheelchair|mobility_access","seogu.go.kr:dspsn_park_lc_sttus:57","967b94c4-6b84-4090-aa73-a80837300432","e9d0d6a3-80a4-4442-b262-c23845894385","변동 장애인주차장 57은/는 대전광역시 서구 장애인주차장 위치 정보입니다. 위치는 대전 서구 변동 252-12입니다. 행정동은 변동입니다. 좌표는 위도 36.32951505, 경도 127.3689785입니다. 장애인 주차 가능 여부와 실제 주차면 사용 가능 여부는 현장 상황에 따라 달라질 수 있습니다.","2026-06-23T12:59:38.725Z","2026-06-23T12:54:35.865374+00:00"
"191","accessible_parking","대전광역시 서구","관저2동 장애인주차장 58","장애인주차장","대전 서구 관저동 2018","36.29125671","127.3323695","","대전|서구|장애인주차장|주차장|wheelchair|mobility_access","seogu.go.kr:dspsn_park_lc_sttus:58","f456422a-8020-455d-8527-902f0e0aaa02","d4122dff-d47e-450c-bb7e-4c8c1bbce0fb","관저2동 장애인주차장 58은/는 대전광역시 서구 장애인주차장 위치 정보입니다. 위치는 대전 서구 관저동 2018입니다. 행정동은 관저2동입니다. 좌표는 위도 36.29125671, 경도 127.3323695입니다. 장애인 주차 가능 여부와 실제 주차면 사용 가능 여부는 현장 상황에 따라 달라질 수 있습니다.","2026-06-23T12:59:38.725Z","2026-06-23T12:54:35.993584+00:00"
"192","accessible_parking","대전광역시 서구","둔산2동 장애인주차장 59","장애인주차장","대전서구 둔산동 1113,1114","36.34985684","127.3759674","","대전|서구|장애인주차장|주차장|wheelchair|mobility_access","seogu.go.kr:dspsn_park_lc_sttus:59","ae5152fc-c300-4a6e-8f4d-d73a72827630","a56161b4-f93d-4789-9f25-139224a4ac4f","둔산2동 장애인주차장 59은/는 대전광역시 서구 장애인주차장 위치 정보입니다. 위치는 대전서구 둔산동 1113,1114입니다. 행정동은 둔산2동입니다. 좌표는 위도 36.34985684, 경도 127.3759674입니다. 장애인 주차 가능 여부와 실제 주차면 사용 가능 여부는 현장 상황에 따라 달라질 수 있습니다.","2026-06-23T12:59:38.725Z","2026-06-23T12:54:36.110482+00:00"
"193","accessible_parking","대전광역시 서구","둔산2동 장애인주차장 60","장애인주차장","대전 서구 둔산중로72번길","36.35289508","127.3883996","","대전|서구|장애인주차장|주차장|wheelchair|mobility_access","seogu.go.kr:dspsn_park_lc_sttus:60","01bcb5f7-e804-45f3-b6db-6c6c573e71a9","38d229b4-69b0-4539-ae49-f950ea2535bc","둔산2동 장애인주차장 60은/는 대전광역시 서구 장애인주차장 위치 정보입니다. 위치는 대전 서구 둔산중로72번길입니다. 행정동은 둔산2동입니다. 좌표는 위도 36.35289508, 경도 127.3883996입니다. 장애인 주차 가능 여부와 실제 주차면 사용 가능 여부는 현장 상황에 따라 달라질 수 있습니다.","2026-06-23T12:59:38.725Z","2026-06-23T12:54:36.255105+00:00"
"194","accessible_parking","대전광역시 서구","둔산1동 장애인주차장 61","장애인주차장","대전서구 둔산로31번길","36.35368661","127.377597","","대전|서구|장애인주차장|주차장|wheelchair|mobility_access","seogu.go.kr:dspsn_park_lc_sttus:61","696c342c-fc64-4152-a848-63b224ed8668","b00539c1-7428-4a69-a8d8-d8ba85280fec","둔산1동 장애인주차장 61은/는 대전광역시 서구 장애인주차장 위치 정보입니다. 위치는 대전서구 둔산로31번길입니다. 행정동은 둔산1동입니다. 좌표는 위도 36.35368661, 경도 127.377597입니다. 장애인 주차 가능 여부와 실제 주차면 사용 가능 여부는 현장 상황에 따라 달라질 수 있습니다.","2026-06-23T12:59:38.725Z","2026-06-23T12:54:36.361073+00:00"
"195","accessible_parking","대전광역시 서구","탄방동 장애인주차장 62","장애인주차장","대전 서구 문정로89번길","36.34789778","127.3893075","","대전|서구|장애인주차장|주차장|wheelchair|mobility_access","seogu.go.kr:dspsn_park_lc_sttus:62","1a5d6c1d-73b8-4f1d-b730-30ecc34ec28d","5fef74e3-7d13-4079-8eb8-af993db6421c","탄방동 장애인주차장 62은/는 대전광역시 서구 장애인주차장 위치 정보입니다. 위치는 대전 서구 문정로89번길입니다. 행정동은 탄방동입니다. 좌표는 위도 36.34789778, 경도 127.3893075입니다. 장애인 주차 가능 여부와 실제 주차면 사용 가능 여부는 현장 상황에 따라 달라질 수 있습니다.","2026-06-23T12:59:38.725Z","2026-06-23T12:54:36.492128+00:00"
"196","accessible_parking","대전광역시 서구","둔산2동 장애인주차장 63","장애인주차장","대전 서구 대덕대로249번길","36.35503179","127.3780432","","대전|서구|장애인주차장|주차장|wheelchair|mobility_access","seogu.go.kr:dspsn_park_lc_sttus:63","97f0e603-4530-4cef-8c39-8081cc1f8a2b","8d8fb66e-f076-45f3-9db5-8446e0177bc3","둔산2동 장애인주차장 63은/는 대전광역시 서구 장애인주차장 위치 정보입니다. 위치는 대전 서구 대덕대로249번길입니다. 행정동은 둔산2동입니다. 좌표는 위도 36.35503179, 경도 127.3780432입니다. 장애인 주차 가능 여부와 실제 주차면 사용 가능 여부는 현장 상황에 따라 달라질 수 있습니다.","2026-06-23T12:59:38.725Z","2026-06-23T12:54:36.600332+00:00"
"197","accessible_parking","대전광역시 서구","월평1동 장애인주차장 64","장애인주차장","대전 서구 월드컵대로484번길","36.34428071","127.3543549","","대전|서구|장애인주차장|주차장|wheelchair|mobility_access","seogu.go.kr:dspsn_park_lc_sttus:64","b921064b-fd1c-46cf-b005-9cbdb24091b8","53e9892d-eda7-41ac-889c-64941b11e7ac","월평1동 장애인주차장 64은/는 대전광역시 서구 장애인주차장 위치 정보입니다. 위치는 대전 서구 월드컵대로484번길입니다. 행정동은 월평1동입니다. 좌표는 위도 36.34428071, 경도 127.3543549입니다. 장애인 주차 가능 여부와 실제 주차면 사용 가능 여부는 현장 상황에 따라 달라질 수 있습니다.","2026-06-23T12:59:38.725Z","2026-06-23T12:54:36.708815+00:00"
"198","accessible_parking","대전광역시 서구","월평1동 장애인주차장 65","장애인주차장","대전 서구 계룡로314번길","36.35272906","127.3634548","","대전|서구|장애인주차장|주차장|wheelchair|mobility_access","seogu.go.kr:dspsn_park_lc_sttus:65","8ea1eb78-b7ff-4499-babb-227fa7601d2e","c1d57611-dca0-40a5-b611-004f75247d4a","월평1동 장애인주차장 65은/는 대전광역시 서구 장애인주차장 위치 정보입니다. 위치는 대전 서구 계룡로314번길입니다. 행정동은 월평1동입니다. 좌표는 위도 36.35272906, 경도 127.3634548입니다. 장애인 주차 가능 여부와 실제 주차면 사용 가능 여부는 현장 상황에 따라 달라질 수 있습니다.","2026-06-23T12:59:38.725Z","2026-06-23T12:54:36.832536+00:00"
"199","accessible_parking","대전광역시 서구","만년동 장애인주차장 66","장애인주차장","대전 서구 만년로67번길","36.36870984","127.3809657","","대전|서구|장애인주차장|주차장|wheelchair|mobility_access","seogu.go.kr:dspsn_park_lc_sttus:66","60bd04b6-c98c-441b-a65a-9b0f809d92ce","6affcf55-6b8d-435f-86f0-ef04ae5103a1","만년동 장애인주차장 66은/는 대전광역시 서구 장애인주차장 위치 정보입니다. 위치는 대전 서구 만년로67번길입니다. 행정동은 만년동입니다. 좌표는 위도 36.36870984, 경도 127.3809657입니다. 장애인 주차 가능 여부와 실제 주차면 사용 가능 여부는 현장 상황에 따라 달라질 수 있습니다.","2026-06-23T12:59:38.725Z","2026-06-23T12:54:36.937173+00:00"
"200","accessible_parking","대전광역시 서구","월평2동 장애인주차장 67","장애인주차장","대전 서구 청사로 123번길","36.3611387","127.3773595","","대전|서구|장애인주차장|주차장|wheelchair|mobility_access","seogu.go.kr:dspsn_park_lc_sttus:67","95804b1b-903f-47b5-8661-4c36bbc36968","40335b76-6592-4334-b5a3-f0e08b6b3075","월평2동 장애인주차장 67은/는 대전광역시 서구 장애인주차장 위치 정보입니다. 위치는 대전 서구 청사로 123번길입니다. 행정동은 월평2동입니다. 좌표는 위도 36.3611387, 경도 127.3773595입니다. 장애인 주차 가능 여부와 실제 주차면 사용 가능 여부는 현장 상황에 따라 달라질 수 있습니다.","2026-06-23T12:59:38.725Z","2026-06-23T12:54:37.059577+00:00"
"201","accessible_parking","대전광역시 서구","월평1동 장애인주차장 68","장애인주차장","대전 서구 월평로 102","36.35594506","127.3682866","","대전|서구|장애인주차장|주차장|wheelchair|mobility_access","seogu.go.kr:dspsn_park_lc_sttus:68","993a5fc8-d36d-4780-8601-50d475e87204","7f314cfa-7fa5-49da-b7a4-968c26aae80a","월평1동 장애인주차장 68은/는 대전광역시 서구 장애인주차장 위치 정보입니다. 위치는 대전 서구 월평로 102입니다. 행정동은 월평1동입니다. 좌표는 위도 36.35594506, 경도 127.3682866입니다. 장애인 주차 가능 여부와 실제 주차면 사용 가능 여부는 현장 상황에 따라 달라질 수 있습니다.","2026-06-23T12:59:38.725Z","2026-06-23T12:54:37.211936+00:00"
"202","accessible_parking","대전광역시 서구","둔산2동 장애인주차장 69","장애인주차장","대전 서구 둔산로 15","36.35332859","127.3763409","","대전|서구|장애인주차장|주차장|wheelchair|mobility_access","seogu.go.kr:dspsn_park_lc_sttus:69","28d462e8-e68f-4520-83d5-190f08541df5","f62cbc26-5e0e-4f92-bc7d-2d12401658ed","둔산2동 장애인주차장 69은/는 대전광역시 서구 장애인주차장 위치 정보입니다. 위치는 대전 서구 둔산로 15입니다. 행정동은 둔산2동입니다. 좌표는 위도 36.35332859, 경도 127.3763409입니다. 장애인 주차 가능 여부와 실제 주차면 사용 가능 여부는 현장 상황에 따라 달라질 수 있습니다.","2026-06-23T12:59:38.725Z","2026-06-23T12:54:37.362497+00:00"
"203","accessible_parking","대전광역시 서구","탄방동 장애인주차장 70","장애인주차장","대전 서구 계룡로314번길 8","36.3535271","127.3626907","","대전|서구|장애인주차장|주차장|wheelchair|mobility_access","seogu.go.kr:dspsn_park_lc_sttus:70","7508ea94-9db0-4219-9963-6fe50a14fa6a","9e3a9b2e-a037-46b3-b303-dcc0bb451899","탄방동 장애인주차장 70은/는 대전광역시 서구 장애인주차장 위치 정보입니다. 위치는 대전 서구 계룡로314번길 8입니다. 행정동은 탄방동입니다. 좌표는 위도 36.3535271, 경도 127.3626907입니다. 장애인 주차 가능 여부와 실제 주차면 사용 가능 여부는 현장 상황에 따라 달라질 수 있습니다.","2026-06-23T12:59:38.725Z","2026-06-23T12:54:37.491612+00:00"
"204","accessible_parking","대전광역시 서구","가장동 장애인주차장 71","장애인주차장","대전 서구 가장로69","36.33639192","127.3828807","","대전|서구|장애인주차장|주차장|wheelchair|mobility_access","seogu.go.kr:dspsn_park_lc_sttus:71","42ce769d-42f7-4720-94fc-b22cefd65ce3","ac7a3923-d172-4dad-b089-544bf34145ef","가장동 장애인주차장 71은/는 대전광역시 서구 장애인주차장 위치 정보입니다. 위치는 대전 서구 가장로69입니다. 행정동은 가장동입니다. 좌표는 위도 36.33639192, 경도 127.3828807입니다. 장애인 주차 가능 여부와 실제 주차면 사용 가능 여부는 현장 상황에 따라 달라질 수 있습니다.","2026-06-23T12:59:38.725Z","2026-06-23T12:54:37.60543+00:00"
"205","accessible_parking","대전광역시 서구","도마1동 장애인주차장 72","장애인주차장","대전 서구 도산로 156","36.32210964","127.3781483","","대전|서구|장애인주차장|주차장|wheelchair|mobility_access","seogu.go.kr:dspsn_park_lc_sttus:72","b23e322d-9c46-44dc-8e71-586dc38ce0a7","5b935190-86ad-484c-9200-936d56b51822","도마1동 장애인주차장 72은/는 대전광역시 서구 장애인주차장 위치 정보입니다. 위치는 대전 서구 도산로 156입니다. 행정동은 도마1동입니다. 좌표는 위도 36.32210964, 경도 127.3781483입니다. 장애인 주차 가능 여부와 실제 주차면 사용 가능 여부는 현장 상황에 따라 달라질 수 있습니다.","2026-06-23T12:59:38.725Z","2026-06-23T12:54:37.727275+00:00"
"206","accessible_parking","대전광역시 서구","용문동 장애인주차장 73","장애인주차장","대전서구 용문로 40","36.33913874","127.3877605","","대전|서구|장애인주차장|주차장|wheelchair|mobility_access","seogu.go.kr:dspsn_park_lc_sttus:73","2e2ec586-55ee-478e-84a5-eca669db27d9","8ef7a1d7-d999-4e55-b8a7-33189fd535b3","용문동 장애인주차장 73은/는 대전광역시 서구 장애인주차장 위치 정보입니다. 위치는 대전서구 용문로 40입니다. 행정동은 용문동입니다. 좌표는 위도 36.33913874, 경도 127.3877605입니다. 장애인 주차 가능 여부와 실제 주차면 사용 가능 여부는 현장 상황에 따라 달라질 수 있습니다.","2026-06-23T12:59:38.725Z","2026-06-23T12:54:37.838992+00:00"
"207","accessible_parking","대전광역시 서구","용문동 장애인주차장 74","장애인주차장","대전 서구 도산로 442","36.34166108","127.3982013","","대전|서구|장애인주차장|주차장|wheelchair|mobility_access","seogu.go.kr:dspsn_park_lc_sttus:74","5db6723c-fed6-4285-b088-11ced85646d9","cc248680-83ef-4699-b29e-6c7958950dae","용문동 장애인주차장 74은/는 대전광역시 서구 장애인주차장 위치 정보입니다. 위치는 대전 서구 도산로 442입니다. 행정동은 용문동입니다. 좌표는 위도 36.34166108, 경도 127.3982013입니다. 장애인 주차 가능 여부와 실제 주차면 사용 가능 여부는 현장 상황에 따라 달라질 수 있습니다.","2026-06-23T12:59:38.725Z","2026-06-23T12:54:37.962052+00:00"
"208","accessible_parking","대전광역시 서구","용문동 장애인주차장 75","장애인주차장","대전 서구 도산로 412","36.33979111","127.3955421","","대전|서구|장애인주차장|주차장|wheelchair|mobility_access","seogu.go.kr:dspsn_park_lc_sttus:75","7244fbc3-4f8f-470b-9b1d-fa5ee287f015","e2240ca1-178e-4a7d-813f-892c18d3cc9f","용문동 장애인주차장 75은/는 대전광역시 서구 장애인주차장 위치 정보입니다. 위치는 대전 서구 도산로 412입니다. 행정동은 용문동입니다. 좌표는 위도 36.33979111, 경도 127.3955421입니다. 장애인 주차 가능 여부와 실제 주차면 사용 가능 여부는 현장 상황에 따라 달라질 수 있습니다.","2026-06-23T12:59:38.725Z","2026-06-23T12:54:38.090472+00:00"
"209","accessible_parking","대전광역시 서구","월평3동 장애인주차장 76","장애인주차장","대전 서구 청사로 65","36.36035379","127.3737444","","대전|서구|장애인주차장|주차장|wheelchair|mobility_access","seogu.go.kr:dspsn_park_lc_sttus:76","2d740576-7b36-492b-9d26-f6049b3e3f4f","93de306f-25d6-4fb5-87b3-9733637f713d","월평3동 장애인주차장 76은/는 대전광역시 서구 장애인주차장 위치 정보입니다. 위치는 대전 서구 청사로 65입니다. 행정동은 월평3동입니다. 좌표는 위도 36.36035379, 경도 127.3737444입니다. 장애인 주차 가능 여부와 실제 주차면 사용 가능 여부는 현장 상황에 따라 달라질 수 있습니다.","2026-06-23T12:59:38.725Z","2026-06-23T12:54:38.214791+00:00"
"210","accessible_parking","대전광역시 서구","관저1동 장애인주차장 77","장애인주차장","대전 서구 관저동 988","36.30904938","127.3375854","","대전|서구|장애인주차장|주차장|wheelchair|mobility_access","seogu.go.kr:dspsn_park_lc_sttus:77","b1eb4259-3b0e-429d-b31e-b71daa6c5d3e","6cb19a68-c05a-470b-81af-5a886b1a8ab6","관저1동 장애인주차장 77은/는 대전광역시 서구 장애인주차장 위치 정보입니다. 위치는 대전 서구 관저동 988입니다. 행정동은 관저1동입니다. 좌표는 위도 36.30904938, 경도 127.3375854입니다. 장애인 주차 가능 여부와 실제 주차면 사용 가능 여부는 현장 상황에 따라 달라질 수 있습니다.","2026-06-23T12:59:38.725Z","2026-06-23T12:54:38.351495+00:00"
"211","accessible_parking","대전광역시 서구","가수원동 장애인주차장 78","장애인주차장","대전 서구 가수원로 101","36.30322967","127.3495374","","대전|서구|장애인주차장|주차장|wheelchair|mobility_access","seogu.go.kr:dspsn_park_lc_sttus:78","9d9097d9-a2dd-4e51-ae35-1d2e1acac668","b21efdfb-3428-4c31-82dd-3d90c1f33779","가수원동 장애인주차장 78은/는 대전광역시 서구 장애인주차장 위치 정보입니다. 위치는 대전 서구 가수원로 101입니다. 행정동은 가수원동입니다. 좌표는 위도 36.30322967, 경도 127.3495374입니다. 장애인 주차 가능 여부와 실제 주차면 사용 가능 여부는 현장 상황에 따라 달라질 수 있습니다.","2026-06-23T12:59:38.725Z","2026-06-23T12:54:38.476658+00:00"
"212","accessible_parking","대전광역시 서구","도마1동 장애인주차장 79","장애인주차장","대전 서구 도산로 122","36.31952205","127.3779572","","대전|서구|장애인주차장|주차장|wheelchair|mobility_access","seogu.go.kr:dspsn_park_lc_sttus:79","ecb6adb5-295f-4a3a-9298-d51cc346c428","5c5d12a1-8d82-41c8-b047-f769e9ed4bf2","도마1동 장애인주차장 79은/는 대전광역시 서구 장애인주차장 위치 정보입니다. 위치는 대전 서구 도산로 122입니다. 행정동은 도마1동입니다. 좌표는 위도 36.31952205, 경도 127.3779572입니다. 장애인 주차 가능 여부와 실제 주차면 사용 가능 여부는 현장 상황에 따라 달라질 수 있습니다.","2026-06-23T12:59:38.725Z","2026-06-23T12:54:38.610814+00:00"
"213","accessible_parking","대전광역시 서구","갈마2동 장애인주차장 80","장애인주차장","대전 서구 대덕대로 150","36.3450672","127.3769302","","대전|서구|장애인주차장|주차장|wheelchair|mobility_access","seogu.go.kr:dspsn_park_lc_sttus:80","0026b733-61a7-4194-9adf-0d5ca2dcc4de","6e8e9ce8-0223-494b-bd24-42f94c727c72","갈마2동 장애인주차장 80은/는 대전광역시 서구 장애인주차장 위치 정보입니다. 위치는 대전 서구 대덕대로 150입니다. 행정동은 갈마2동입니다. 좌표는 위도 36.3450672, 경도 127.3769302입니다. 장애인 주차 가능 여부와 실제 주차면 사용 가능 여부는 현장 상황에 따라 달라질 수 있습니다.","2026-06-23T12:59:38.725Z","2026-06-23T12:54:38.723787+00:00"
"214","accessible_parking","대전광역시 서구","가수원동 장애인주차장 81","장애인주차장","대전 서구 계백로 1124","36.30365591","127.3483647","","대전|서구|장애인주차장|주차장|wheelchair|mobility_access","seogu.go.kr:dspsn_park_lc_sttus:81","fc766278-0957-4343-970d-53dd24c51d5d","e8963d83-1f17-4408-b074-c76d8ae9aac8","가수원동 장애인주차장 81은/는 대전광역시 서구 장애인주차장 위치 정보입니다. 위치는 대전 서구 계백로 1124입니다. 행정동은 가수원동입니다. 좌표는 위도 36.30365591, 경도 127.3483647입니다. 장애인 주차 가능 여부와 실제 주차면 사용 가능 여부는 현장 상황에 따라 달라질 수 있습니다.","2026-06-23T12:59:38.725Z","2026-06-23T12:54:38.837703+00:00"
"215","accessible_parking","대전광역시 서구","갈마2동 장애인주차장 82","장애인주차장","대전 서구 대덕대로 127번길","36.34515197","127.372451","","대전|서구|장애인주차장|주차장|wheelchair|mobility_access","seogu.go.kr:dspsn_park_lc_sttus:82","1016d840-6350-4cdd-a120-7ca91d478c77","a5013d52-14a3-450a-975f-d8200e6f9bef","갈마2동 장애인주차장 82은/는 대전광역시 서구 장애인주차장 위치 정보입니다. 위치는 대전 서구 대덕대로 127번길입니다. 행정동은 갈마2동입니다. 좌표는 위도 36.34515197, 경도 127.372451입니다. 장애인 주차 가능 여부와 실제 주차면 사용 가능 여부는 현장 상황에 따라 달라질 수 있습니다.","2026-06-23T12:59:38.725Z","2026-06-23T12:54:39.162422+00:00"
"216","accessible_parking","대전광역시 서구","갈마2동 장애인주차장 83","장애인주차장","대전 서구 대덕대로 101","36.34283296","127.3736393","","대전|서구|장애인주차장|주차장|wheelchair|mobility_access","seogu.go.kr:dspsn_park_lc_sttus:83","2d9fcbc1-7d13-4ccd-8ff3-a1afae0f058d","04f4319e-614b-42c1-b956-5274374cf83c","갈마2동 장애인주차장 83은/는 대전광역시 서구 장애인주차장 위치 정보입니다. 위치는 대전 서구 대덕대로 101입니다. 행정동은 갈마2동입니다. 좌표는 위도 36.34283296, 경도 127.3736393입니다. 장애인 주차 가능 여부와 실제 주차면 사용 가능 여부는 현장 상황에 따라 달라질 수 있습니다.","2026-06-23T12:59:38.725Z","2026-06-23T12:54:39.302426+00:00"
"217","accessible_parking","대전광역시 서구","월평1동 장애인주차장 84","장애인주차장","대전 서구 월평동 1547","36.35464607","127.3646537","","대전|서구|장애인주차장|주차장|wheelchair|mobility_access","seogu.go.kr:dspsn_park_lc_sttus:84","575e4fd3-a143-4b86-8c9d-3b5977d28abc","107d22a1-bd03-44d9-921f-c1413a5ef082","월평1동 장애인주차장 84은/는 대전광역시 서구 장애인주차장 위치 정보입니다. 위치는 대전 서구 월평동 1547입니다. 행정동은 월평1동입니다. 좌표는 위도 36.35464607, 경도 127.3646537입니다. 장애인 주차 가능 여부와 실제 주차면 사용 가능 여부는 현장 상황에 따라 달라질 수 있습니다.","2026-06-23T12:59:38.725Z","2026-06-23T12:54:39.445903+00:00"
"218","accessible_parking","대전광역시 서구","둔산2동 장애인주차장 85","장애인주차장","대전 서구 문정로9번길","36.34637235","127.3800838","","대전|서구|장애인주차장|주차장|wheelchair|mobility_access","seogu.go.kr:dspsn_park_lc_sttus:85","982c1ecc-d30e-4aa7-b3a3-e283bc0c2d87","286aabbb-805a-4a68-89ce-8ceb71f92d05","둔산2동 장애인주차장 85은/는 대전광역시 서구 장애인주차장 위치 정보입니다. 위치는 대전 서구 문정로9번길입니다. 행정동은 둔산2동입니다. 좌표는 위도 36.34637235, 경도 127.3800838입니다. 장애인 주차 가능 여부와 실제 주차면 사용 가능 여부는 현장 상황에 따라 달라질 수 있습니다.","2026-06-23T12:59:38.725Z","2026-06-23T12:54:39.568815+00:00"
"219","accessible_parking","대전광역시 서구","정림동 장애인주차장 86","장애인주차장","대전 서구 정림로 55","36.3045748","127.3650814","","대전|서구|장애인주차장|주차장|wheelchair|mobility_access","seogu.go.kr:dspsn_park_lc_sttus:86","ef0a8021-1c7b-469b-809f-60d5905900d1","9000493e-d62c-480c-86b9-abfb3c01136e","정림동 장애인주차장 86은/는 대전광역시 서구 장애인주차장 위치 정보입니다. 위치는 대전 서구 정림로 55입니다. 행정동은 정림동입니다. 좌표는 위도 36.3045748, 경도 127.3650814입니다. 장애인 주차 가능 여부와 실제 주차면 사용 가능 여부는 현장 상황에 따라 달라질 수 있습니다.","2026-06-23T12:59:38.725Z","2026-06-23T12:54:39.704465+00:00"
"220","accessible_parking","대전광역시 서구","변동 장애인주차장 87","장애인주차장","대전 서구 변동중로8","36.3264713","127.3711637","","대전|서구|장애인주차장|주차장|wheelchair|mobility_access","seogu.go.kr:dspsn_park_lc_sttus:87","c6be4b60-5bd8-4599-9dbe-ecfe7051fbc4","0634cfe6-ce00-4f30-87ab-eb42dc5c7c26","변동 장애인주차장 87은/는 대전광역시 서구 장애인주차장 위치 정보입니다. 위치는 대전 서구 변동중로8입니다. 행정동은 변동입니다. 좌표는 위도 36.3264713, 경도 127.3711637입니다. 장애인 주차 가능 여부와 실제 주차면 사용 가능 여부는 현장 상황에 따라 달라질 수 있습니다.","2026-06-23T12:59:38.725Z","2026-06-23T12:54:39.82115+00:00"
"221","accessible_parking","대전광역시 서구","변동 장애인주차장 88","장애인주차장","대전 서구 변동중로 59","36.32937069","127.3758297","","대전|서구|장애인주차장|주차장|wheelchair|mobility_access","seogu.go.kr:dspsn_park_lc_sttus:88","851329c4-a051-4a67-8c54-af410b3af74b","ec3975ff-e0ad-4e26-b350-b6176fc47d30","변동 장애인주차장 88은/는 대전광역시 서구 장애인주차장 위치 정보입니다. 위치는 대전 서구 변동중로 59입니다. 행정동은 변동입니다. 좌표는 위도 36.32937069, 경도 127.3758297입니다. 장애인 주차 가능 여부와 실제 주차면 사용 가능 여부는 현장 상황에 따라 달라질 수 있습니다.","2026-06-23T12:59:38.725Z","2026-06-23T12:54:39.943071+00:00"
"222","accessible_parking","대전광역시 서구","변동 장애인주차장 89","장애인주차장","대전 서구 변동로 63","36.32530253","127.3803617","","대전|서구|장애인주차장|주차장|wheelchair|mobility_access","seogu.go.kr:dspsn_park_lc_sttus:89","e46c1120-bfc3-434f-a33e-7b4428e0c494","f10d21fc-7ab2-4e34-9a40-adad79fc3706","변동 장애인주차장 89은/는 대전광역시 서구 장애인주차장 위치 정보입니다. 위치는 대전 서구 변동로 63입니다. 행정동은 변동입니다. 좌표는 위도 36.32530253, 경도 127.3803617입니다. 장애인 주차 가능 여부와 실제 주차면 사용 가능 여부는 현장 상황에 따라 달라질 수 있습니다.","2026-06-23T12:59:38.725Z","2026-06-23T12:54:40.083047+00:00"
"223","accessible_parking","대전광역시 서구","가장동 장애인주차장 90","장애인주차장","대전 서구 동서대로 1098","36.3282156","127.3824995","","대전|서구|장애인주차장|주차장|wheelchair|mobility_access","seogu.go.kr:dspsn_park_lc_sttus:90","aac1ce3f-0656-4c4a-8aa0-0b36b00b553f","e444beba-ffb0-44f0-a54a-ba3011e46466","가장동 장애인주차장 90은/는 대전광역시 서구 장애인주차장 위치 정보입니다. 위치는 대전 서구 동서대로 1098입니다. 행정동은 가장동입니다. 좌표는 위도 36.3282156, 경도 127.3824995입니다. 장애인 주차 가능 여부와 실제 주차면 사용 가능 여부는 현장 상황에 따라 달라질 수 있습니다.","2026-06-23T12:59:38.725Z","2026-06-23T12:54:40.208473+00:00"
"224","accessible_parking","대전광역시 서구","도마1동 장애인주차장 91","장애인주차장","대전 서구 도산로 155","36.32248607","127.3777444","","대전|서구|장애인주차장|주차장|wheelchair|mobility_access","seogu.go.kr:dspsn_park_lc_sttus:91","53e0f580-e88e-4998-a96f-67f3c9d7277d","35bc2f95-6d75-468f-b4ce-4dab2a73b817","도마1동 장애인주차장 91은/는 대전광역시 서구 장애인주차장 위치 정보입니다. 위치는 대전 서구 도산로 155입니다. 행정동은 도마1동입니다. 좌표는 위도 36.32248607, 경도 127.3777444입니다. 장애인 주차 가능 여부와 실제 주차면 사용 가능 여부는 현장 상황에 따라 달라질 수 있습니다.","2026-06-23T12:59:38.725Z","2026-06-23T12:54:40.323651+00:00"
"225","accessible_parking","대전광역시 서구","탄방동 장애인주차장 92","장애인주차장","대전 서구 탄방로 56","36.34236216","127.3924699","","대전|서구|장애인주차장|주차장|wheelchair|mobility_access","seogu.go.kr:dspsn_park_lc_sttus:92","e3f42d17-f14d-4f82-a6a4-5e0e2266786d","f40df087-a8af-41b5-8e2d-d25e57d2e6e6","탄방동 장애인주차장 92은/는 대전광역시 서구 장애인주차장 위치 정보입니다. 위치는 대전 서구 탄방로 56입니다. 행정동은 탄방동입니다. 좌표는 위도 36.34236216, 경도 127.3924699입니다. 장애인 주차 가능 여부와 실제 주차면 사용 가능 여부는 현장 상황에 따라 달라질 수 있습니다.","2026-06-23T12:59:38.725Z","2026-06-23T12:54:40.4478+00:00"
"226","accessible_parking","대전광역시 서구","관저2동 장애인주차장 93","장애인주차장","대전 서구 관저동로 88","36.30001975","127.3410241","","대전|서구|장애인주차장|주차장|wheelchair|mobility_access","seogu.go.kr:dspsn_park_lc_sttus:93","dd97bb49-266b-408a-a93f-ca8833184a91","69f2aa64-1e5a-4003-a049-c5e24e4ab5e4","관저2동 장애인주차장 93은/는 대전광역시 서구 장애인주차장 위치 정보입니다. 위치는 대전 서구 관저동로 88입니다. 행정동은 관저2동입니다. 좌표는 위도 36.30001975, 경도 127.3410241입니다. 장애인 주차 가능 여부와 실제 주차면 사용 가능 여부는 현장 상황에 따라 달라질 수 있습니다.","2026-06-23T12:59:38.725Z","2026-06-23T12:54:40.57411+00:00"
"227","accessible_parking","대전광역시 서구","관저2동 장애인주차장 94","장애인주차장","대전 서구 관저동 1458","36.29916569","127.3397731","","대전|서구|장애인주차장|주차장|wheelchair|mobility_access","seogu.go.kr:dspsn_park_lc_sttus:94","86c7f685-fcb1-4d2d-9a8b-d708f99e7cf8","2bf4c878-969c-4d36-a65b-61bc77443aea","관저2동 장애인주차장 94은/는 대전광역시 서구 장애인주차장 위치 정보입니다. 위치는 대전 서구 관저동 1458입니다. 행정동은 관저2동입니다. 좌표는 위도 36.29916569, 경도 127.3397731입니다. 장애인 주차 가능 여부와 실제 주차면 사용 가능 여부는 현장 상황에 따라 달라질 수 있습니다.","2026-06-23T12:59:38.725Z","2026-06-23T12:54:40.695163+00:00"
"228","accessible_parking","대전광역시 서구","관저2동 장애인주차장 95","장애인주차장","대전 서구 관저로 172","36.29875806","127.3410347","","대전|서구|장애인주차장|주차장|wheelchair|mobility_access","seogu.go.kr:dspsn_park_lc_sttus:95","b18f7e2c-1a15-493b-8350-4a2ac98f58e4","987e0b70-d798-499e-9944-d7774393ab17","관저2동 장애인주차장 95은/는 대전광역시 서구 장애인주차장 위치 정보입니다. 위치는 대전 서구 관저로 172입니다. 행정동은 관저2동입니다. 좌표는 위도 36.29875806, 경도 127.3410347입니다. 장애인 주차 가능 여부와 실제 주차면 사용 가능 여부는 현장 상황에 따라 달라질 수 있습니다.","2026-06-23T12:59:38.725Z","2026-06-23T12:54:40.806702+00:00"
"229","accessible_parking","대전광역시 서구","변동 장애인주차장 96","장애인주차장","대전 서구 변동중로45번길 8","36.32890323","127.3743298","","대전|서구|장애인주차장|주차장|wheelchair|mobility_access","seogu.go.kr:dspsn_park_lc_sttus:96","32c8c884-6bc6-46c8-8c8c-038601ed7c45","3a027994-0186-4f8a-a4d3-e65cdbd5f62f","변동 장애인주차장 96은/는 대전광역시 서구 장애인주차장 위치 정보입니다. 위치는 대전 서구 변동중로45번길 8입니다. 행정동은 변동입니다. 좌표는 위도 36.32890323, 경도 127.3743298입니다. 장애인 주차 가능 여부와 실제 주차면 사용 가능 여부는 현장 상황에 따라 달라질 수 있습니다.","2026-06-23T12:59:38.725Z","2026-06-23T12:54:40.918585+00:00"
"230","accessible_parking","대전광역시 서구","관저2동 장애인주차장 97","장애인주차장","대전 서구 관저중로95번길99","36.3011444","127.334156","","대전|서구|장애인주차장|주차장|wheelchair|mobility_access","seogu.go.kr:dspsn_park_lc_sttus:97","88d591b7-60ab-4273-9e85-9d98f2bb07c7","213020e0-6a60-4ac2-a8ae-cd9b99201248","관저2동 장애인주차장 97은/는 대전광역시 서구 장애인주차장 위치 정보입니다. 위치는 대전 서구 관저중로95번길99입니다. 행정동은 관저2동입니다. 좌표는 위도 36.3011444, 경도 127.334156입니다. 장애인 주차 가능 여부와 실제 주차면 사용 가능 여부는 현장 상황에 따라 달라질 수 있습니다.","2026-06-23T12:59:38.725Z","2026-06-23T12:54:41.060147+00:00"
"231","accessible_parking","대전광역시 서구","관저2동 장애인주차장 98","장애인주차장","대전 서구 관저동로105번길5","36.30137636","127.3402445","","대전|서구|장애인주차장|주차장|wheelchair|mobility_access","seogu.go.kr:dspsn_park_lc_sttus:98","cde1e853-7543-4be4-8e87-c43a19170576","8b07c3d9-006f-456c-83a7-033375e7c241","관저2동 장애인주차장 98은/는 대전광역시 서구 장애인주차장 위치 정보입니다. 위치는 대전 서구 관저동로105번길5입니다. 행정동은 관저2동입니다. 좌표는 위도 36.30137636, 경도 127.3402445입니다. 장애인 주차 가능 여부와 실제 주차면 사용 가능 여부는 현장 상황에 따라 달라질 수 있습니다.","2026-06-23T12:59:38.725Z","2026-06-23T12:54:41.181267+00:00"
"232","accessible_parking","대전광역시 서구","관저1동 장애인주차장 99","장애인주차장","대전 서구 관저동 980","36.3082825","127.3358103","","대전|서구|장애인주차장|주차장|wheelchair|mobility_access","seogu.go.kr:dspsn_park_lc_sttus:99","027ab2b1-7f45-4754-a398-21c4f01c31de","cce6a2a7-611b-4935-bb03-b052833252d0","관저1동 장애인주차장 99은/는 대전광역시 서구 장애인주차장 위치 정보입니다. 위치는 대전 서구 관저동 980입니다. 행정동은 관저1동입니다. 좌표는 위도 36.3082825, 경도 127.3358103입니다. 장애인 주차 가능 여부와 실제 주차면 사용 가능 여부는 현장 상황에 따라 달라질 수 있습니다.","2026-06-23T12:59:38.725Z","2026-06-23T12:54:41.315748+00:00"
"233","accessible_parking","대전광역시 서구","탄방동 장애인주차장 100","장애인주차장","대전 서구 탄방동 589","36.34823535","127.3848262","","대전|서구|장애인주차장|주차장|wheelchair|mobility_access","seogu.go.kr:dspsn_park_lc_sttus:100","f4739083-aff8-4c04-ae37-72d307600a9b","c4af07c8-3cbd-451a-afa8-eeb515eb61ab","탄방동 장애인주차장 100은/는 대전광역시 서구 장애인주차장 위치 정보입니다. 위치는 대전 서구 탄방동 589입니다. 행정동은 탄방동입니다. 좌표는 위도 36.34823535, 경도 127.3848262입니다. 장애인 주차 가능 여부와 실제 주차면 사용 가능 여부는 현장 상황에 따라 달라질 수 있습니다.","2026-06-23T12:59:38.725Z","2026-06-23T12:54:41.436111+00:00"
"234","accessible_parking","대전광역시 서구","괴정동 장애인주차장 101","장애인주차장","대전 서구 가장로15","36.34039962","127.3788388","","대전|서구|장애인주차장|주차장|wheelchair|mobility_access","seogu.go.kr:dspsn_park_lc_sttus:101","3b302318-6c61-40d2-ac1d-417b5acdb873","b4aa700d-084c-4c8d-b35e-24f4fbc20777","괴정동 장애인주차장 101은/는 대전광역시 서구 장애인주차장 위치 정보입니다. 위치는 대전 서구 가장로15입니다. 행정동은 괴정동입니다. 좌표는 위도 36.34039962, 경도 127.3788388입니다. 장애인 주차 가능 여부와 실제 주차면 사용 가능 여부는 현장 상황에 따라 달라질 수 있습니다.","2026-06-23T12:59:38.725Z","2026-06-23T12:54:41.563653+00:00"
"235","accessible_parking","대전광역시 서구","둔산2동 장애인주차장 102","장애인주차장","대전 서구 대덕대로176번길 59","36.34687247","127.3791997","","대전|서구|장애인주차장|주차장|wheelchair|mobility_access","seogu.go.kr:dspsn_park_lc_sttus:102","786487c2-c816-4457-8774-13c4f5bf923e","5c635d78-26e1-4aec-bbf0-b380484859db","둔산2동 장애인주차장 102은/는 대전광역시 서구 장애인주차장 위치 정보입니다. 위치는 대전 서구 대덕대로176번길 59입니다. 행정동은 둔산2동입니다. 좌표는 위도 36.34687247, 경도 127.3791997입니다. 장애인 주차 가능 여부와 실제 주차면 사용 가능 여부는 현장 상황에 따라 달라질 수 있습니다.","2026-06-23T12:59:38.725Z","2026-06-23T12:54:41.680954+00:00"
"236","accessible_parking","대전광역시 서구","변동 장애인주차장 103","장애인주차장","대전 서구 동서대로 1140","36.32742648","127.3867827","","대전|서구|장애인주차장|주차장|wheelchair|mobility_access","seogu.go.kr:dspsn_park_lc_sttus:103","6447142f-89b7-4da4-8e81-3ae53fd897a3","f5ce68bd-99be-462d-82f5-51753d31e8f7","변동 장애인주차장 103은/는 대전광역시 서구 장애인주차장 위치 정보입니다. 위치는 대전 서구 동서대로 1140입니다. 행정동은 변동입니다. 좌표는 위도 36.32742648, 경도 127.3867827입니다. 장애인 주차 가능 여부와 실제 주차면 사용 가능 여부는 현장 상황에 따라 달라질 수 있습니다.","2026-06-23T12:59:38.725Z","2026-06-23T12:54:41.830614+00:00"
"237","accessible_parking","대전광역시 서구","만년동 장애인주차장 104","장애인주차장","대전 서구 둔산대로135","36.36661532","127.383757","","대전|서구|장애인주차장|주차장|wheelchair|mobility_access","seogu.go.kr:dspsn_park_lc_sttus:104","3089dc60-5b8e-47a3-94a3-dec5a6ac963a","7e48923e-97b5-4b43-89f1-0961d8d61a72","만년동 장애인주차장 104은/는 대전광역시 서구 장애인주차장 위치 정보입니다. 위치는 대전 서구 둔산대로135입니다. 행정동은 만년동입니다. 좌표는 위도 36.36661532, 경도 127.383757입니다. 장애인 주차 가능 여부와 실제 주차면 사용 가능 여부는 현장 상황에 따라 달라질 수 있습니다.","2026-06-23T12:59:38.725Z","2026-06-23T12:54:41.959637+00:00"
"238","accessible_parking","대전광역시 서구","월평1동 장애인주차장 105","장애인주차장","대전 서구 월평새뜰로 4","36.29638453","127.3536801","","대전|서구|장애인주차장|주차장|wheelchair|mobility_access","seogu.go.kr:dspsn_park_lc_sttus:105","bb686d40-d05a-4e71-9ba3-abda504b75c0","7a2483d8-280e-43c0-a7b0-81a6329fdcdf","월평1동 장애인주차장 105은/는 대전광역시 서구 장애인주차장 위치 정보입니다. 위치는 대전 서구 월평새뜰로 4입니다. 행정동은 월평1동입니다. 좌표는 위도 36.29638453, 경도 127.3536801입니다. 장애인 주차 가능 여부와 실제 주차면 사용 가능 여부는 현장 상황에 따라 달라질 수 있습니다.","2026-06-23T12:59:38.725Z","2026-06-23T12:54:42.082638+00:00"
"239","accessible_parking","대전광역시 서구","용문동 장애인주차장 106","장애인주차장","대전 서구 도산로 330","36.33480205","127.3891979","","대전|서구|장애인주차장|주차장|wheelchair|mobility_access","seogu.go.kr:dspsn_park_lc_sttus:106","8da8e626-d94d-4326-bd4f-d776cefd512e","053e51ba-35b0-4021-9ce8-77651e9a275c","용문동 장애인주차장 106은/는 대전광역시 서구 장애인주차장 위치 정보입니다. 위치는 대전 서구 도산로 330입니다. 행정동은 용문동입니다. 좌표는 위도 36.33480205, 경도 127.3891979입니다. 장애인 주차 가능 여부와 실제 주차면 사용 가능 여부는 현장 상황에 따라 달라질 수 있습니다.","2026-06-23T12:59:38.725Z","2026-06-23T12:54:42.233598+00:00"
"240","accessible_parking","대전광역시 서구","괴정동 장애인주차장 107","장애인주차장","대전 서구 괴정로 110","36.33774465","127.3847972","","대전|서구|장애인주차장|주차장|wheelchair|mobility_access","seogu.go.kr:dspsn_park_lc_sttus:107","107960f4-09c0-4a46-9303-a17027aae9ba","c159af8e-cc58-41fa-afa7-369e1a35d38b","괴정동 장애인주차장 107은/는 대전광역시 서구 장애인주차장 위치 정보입니다. 위치는 대전 서구 괴정로 110입니다. 행정동은 괴정동입니다. 좌표는 위도 36.33774465, 경도 127.3847972입니다. 장애인 주차 가능 여부와 실제 주차면 사용 가능 여부는 현장 상황에 따라 달라질 수 있습니다.","2026-06-23T12:59:38.725Z","2026-06-23T12:54:42.351541+00:00"
"241","accessible_parking","대전광역시 서구","도마2동 장애인주차장 108","장애인주차장","대전 서구 도솔로 60","36.31596636","127.3735866","","대전|서구|장애인주차장|주차장|wheelchair|mobility_access","seogu.go.kr:dspsn_park_lc_sttus:108","6f9070c9-a7c7-4f2c-b5c9-352090c44146","a9a79fbe-4e18-474b-82eb-2ae05c8a3084","도마2동 장애인주차장 108은/는 대전광역시 서구 장애인주차장 위치 정보입니다. 위치는 대전 서구 도솔로 60입니다. 행정동은 도마2동입니다. 좌표는 위도 36.31596636, 경도 127.3735866입니다. 장애인 주차 가능 여부와 실제 주차면 사용 가능 여부는 현장 상황에 따라 달라질 수 있습니다.","2026-06-23T12:59:38.725Z","2026-06-23T12:54:42.490509+00:00"
"242","accessible_parking","대전광역시 서구","월평2동 장애인주차장 109","장애인주차장","대전 서구 청사서로 11","36.35957625","127.3749986","","대전|서구|장애인주차장|주차장|wheelchair|mobility_access","seogu.go.kr:dspsn_park_lc_sttus:109","a9cee3a8-a97a-4899-83eb-eaa0d953db06","a4c310db-9849-44be-b2e2-87be6ed1d1ee","월평2동 장애인주차장 109은/는 대전광역시 서구 장애인주차장 위치 정보입니다. 위치는 대전 서구 청사서로 11입니다. 행정동은 월평2동입니다. 좌표는 위도 36.35957625, 경도 127.3749986입니다. 장애인 주차 가능 여부와 실제 주차면 사용 가능 여부는 현장 상황에 따라 달라질 수 있습니다.","2026-06-23T12:59:38.725Z","2026-06-23T12:54:42.599871+00:00"
"243","accessible_parking","대전광역시 서구","월평3동 장애인주차장 110","장애인주차장","대전 서구 월평중로 55","36.35947069","127.3635115","","대전|서구|장애인주차장|주차장|wheelchair|mobility_access","seogu.go.kr:dspsn_park_lc_sttus:110","87d104fb-5f03-4683-9375-1dcfb52fa9bf","fc0ebacf-c952-4a01-8d35-c6e021194e21","월평3동 장애인주차장 110은/는 대전광역시 서구 장애인주차장 위치 정보입니다. 위치는 대전 서구 월평중로 55입니다. 행정동은 월평3동입니다. 좌표는 위도 36.35947069, 경도 127.3635115입니다. 장애인 주차 가능 여부와 실제 주차면 사용 가능 여부는 현장 상황에 따라 달라질 수 있습니다.","2026-06-23T12:59:38.725Z","2026-06-23T12:54:42.712878+00:00"
"244","accessible_parking","대전광역시 서구","탄방동 장애인주차장 111","장애인주차장","대전 서구 문정로10번길 39","36.34566811","127.3833313","","대전|서구|장애인주차장|주차장|wheelchair|mobility_access","seogu.go.kr:dspsn_park_lc_sttus:111","0d5a9671-f771-44e9-ad51-fa504eddd2e6","396f7d51-6e14-4157-a8d7-41b009efb851","탄방동 장애인주차장 111은/는 대전광역시 서구 장애인주차장 위치 정보입니다. 위치는 대전 서구 문정로10번길 39입니다. 행정동은 탄방동입니다. 좌표는 위도 36.34566811, 경도 127.3833313입니다. 장애인 주차 가능 여부와 실제 주차면 사용 가능 여부는 현장 상황에 따라 달라질 수 있습니다.","2026-06-23T12:59:38.725Z","2026-06-23T12:54:42.843621+00:00"
"245","accessible_parking","대전광역시 서구","갈마1동 장애인주차장 112","장애인주차장","대전 서구 한밭대로656번길","36.35609414","127.3709261","","대전|서구|장애인주차장|주차장|wheelchair|mobility_access","seogu.go.kr:dspsn_park_lc_sttus:112","b10461d0-0b75-43dd-8536-ec70361b98f9","8ebb7a76-a9e1-460d-be95-be78a1e62b51","갈마1동 장애인주차장 112은/는 대전광역시 서구 장애인주차장 위치 정보입니다. 위치는 대전 서구 한밭대로656번길입니다. 행정동은 갈마1동입니다. 좌표는 위도 36.35609414, 경도 127.3709261입니다. 장애인 주차 가능 여부와 실제 주차면 사용 가능 여부는 현장 상황에 따라 달라질 수 있습니다.","2026-06-23T12:59:38.725Z","2026-06-23T12:54:42.958071+00:00"
"246","accessible_parking","대전광역시 서구","탄방동 장애인주차장 113","장애인주차장","대전 서구 문정로90번길 60","36.3458002","127.3879981","","대전|서구|장애인주차장|주차장|wheelchair|mobility_access","seogu.go.kr:dspsn_park_lc_sttus:113","47c8944e-e2eb-4db3-a950-89a95365ee07","d9dd9129-7f2e-4974-a3a8-0de8170f7328","탄방동 장애인주차장 113은/는 대전광역시 서구 장애인주차장 위치 정보입니다. 위치는 대전 서구 문정로90번길 60입니다. 행정동은 탄방동입니다. 좌표는 위도 36.3458002, 경도 127.3879981입니다. 장애인 주차 가능 여부와 실제 주차면 사용 가능 여부는 현장 상황에 따라 달라질 수 있습니다.","2026-06-23T12:59:38.725Z","2026-06-23T12:54:43.072127+00:00"
"247","accessible_parking","대전광역시 서구","괴정동 장애인주차장 114","장애인주차장","대전 서구 괴정로4","36.33974919","127.3750787","","대전|서구|장애인주차장|주차장|wheelchair|mobility_access","seogu.go.kr:dspsn_park_lc_sttus:114","8f92cea6-6c83-468f-8057-70c878655290","22d32578-1214-4ba8-b0ad-c47966d35575","괴정동 장애인주차장 114은/는 대전광역시 서구 장애인주차장 위치 정보입니다. 위치는 대전 서구 괴정로4입니다. 행정동은 괴정동입니다. 좌표는 위도 36.33974919, 경도 127.3750787입니다. 장애인 주차 가능 여부와 실제 주차면 사용 가능 여부는 현장 상황에 따라 달라질 수 있습니다.","2026-06-23T12:59:38.725Z","2026-06-23T12:54:43.218545+00:00"
"248","accessible_parking","대전광역시 서구","도마2동 장애인주차장 115","장애인주차장","대전 서구 도산로 86","36.3160757","127.3790091","","대전|서구|장애인주차장|주차장|wheelchair|mobility_access","seogu.go.kr:dspsn_park_lc_sttus:115","382d131f-698f-43e9-9b1a-88ca22303ef5","faa5ed71-cc71-40d6-92f2-3c3ced35cf8b","도마2동 장애인주차장 115은/는 대전광역시 서구 장애인주차장 위치 정보입니다. 위치는 대전 서구 도산로 86입니다. 행정동은 도마2동입니다. 좌표는 위도 36.3160757, 경도 127.3790091입니다. 장애인 주차 가능 여부와 실제 주차면 사용 가능 여부는 현장 상황에 따라 달라질 수 있습니다.","2026-06-23T12:59:38.725Z","2026-06-23T12:54:43.36406+00:00"
"249","accessible_parking","대전광역시 서구","변동 장애인주차장 116","장애인주차장","대전 서구 변동로 37","36.32611687","127.377504","","대전|서구|장애인주차장|주차장|wheelchair|mobility_access","seogu.go.kr:dspsn_park_lc_sttus:116","b6124244-9a78-41c1-8212-d6b5324992ca","438b81be-7d3f-4f59-aa1d-5b96f7abf50f","변동 장애인주차장 116은/는 대전광역시 서구 장애인주차장 위치 정보입니다. 위치는 대전 서구 변동로 37입니다. 행정동은 변동입니다. 좌표는 위도 36.32611687, 경도 127.377504입니다. 장애인 주차 가능 여부와 실제 주차면 사용 가능 여부는 현장 상황에 따라 달라질 수 있습니다.","2026-06-23T12:59:38.725Z","2026-06-23T12:54:43.476474+00:00"
"250","accessible_parking","대전광역시 서구","관저2동 장애인주차장 117","장애인주차장","대전 서구 관저중로64번길 84","36.2972263","127.3394666","","대전|서구|장애인주차장|주차장|wheelchair|mobility_access","seogu.go.kr:dspsn_park_lc_sttus:117","960384db-1444-446b-bb27-b647a96ef975","f7778ccf-e4e0-483a-87b1-c4aa000ecd99","관저2동 장애인주차장 117은/는 대전광역시 서구 장애인주차장 위치 정보입니다. 위치는 대전 서구 관저중로64번길 84입니다. 행정동은 관저2동입니다. 좌표는 위도 36.2972263, 경도 127.3394666입니다. 장애인 주차 가능 여부와 실제 주차면 사용 가능 여부는 현장 상황에 따라 달라질 수 있습니다.","2026-06-23T12:59:38.725Z","2026-06-23T12:54:43.597791+00:00"
"251","accessible_parking","대전광역시 서구","도마2동 장애인주차장 118","장애인주차장","대전 서구 도솔로 96","36.31912161","127.3737507","","대전|서구|장애인주차장|주차장|wheelchair|mobility_access","seogu.go.kr:dspsn_park_lc_sttus:118","ce3b956b-cddb-4935-bd6a-57403806cc87","343d5424-e88e-4c8c-98df-7686b37244db","도마2동 장애인주차장 118은/는 대전광역시 서구 장애인주차장 위치 정보입니다. 위치는 대전 서구 도솔로 96입니다. 행정동은 도마2동입니다. 좌표는 위도 36.31912161, 경도 127.3737507입니다. 장애인 주차 가능 여부와 실제 주차면 사용 가능 여부는 현장 상황에 따라 달라질 수 있습니다.","2026-06-23T12:59:38.725Z","2026-06-23T12:54:43.718605+00:00"
"252","accessible_parking","대전광역시 서구","탄방동 장애인주차장 119","장애인주차장","대전 서구 유등로669번길 17","36.34778227","127.4003379","","대전|서구|장애인주차장|주차장|wheelchair|mobility_access","seogu.go.kr:dspsn_park_lc_sttus:119","42b1263b-9107-4d7f-afc3-7f695f32dc97","9cf0c213-c7fc-452b-991e-9706f975a3b8","탄방동 장애인주차장 119은/는 대전광역시 서구 장애인주차장 위치 정보입니다. 위치는 대전 서구 유등로669번길 17입니다. 행정동은 탄방동입니다. 좌표는 위도 36.34778227, 경도 127.4003379입니다. 장애인 주차 가능 여부와 실제 주차면 사용 가능 여부는 현장 상황에 따라 달라질 수 있습니다.","2026-06-23T12:59:38.725Z","2026-06-23T12:54:43.82879+00:00"
"253","accessible_parking","대전광역시 서구","월평2동 장애인주차장 120","장애인주차장","대전 서구 대덕대로335번길","36.36278226","127.3779928","","대전|서구|장애인주차장|주차장|wheelchair|mobility_access","seogu.go.kr:dspsn_park_lc_sttus:120","b2a2f8d3-f87e-48db-907d-3297977e1299","a1f36e61-03b4-490b-a783-f27894b4bf6b","월평2동 장애인주차장 120은/는 대전광역시 서구 장애인주차장 위치 정보입니다. 위치는 대전 서구 대덕대로335번길입니다. 행정동은 월평2동입니다. 좌표는 위도 36.36278226, 경도 127.3779928입니다. 장애인 주차 가능 여부와 실제 주차면 사용 가능 여부는 현장 상황에 따라 달라질 수 있습니다.","2026-06-23T12:59:38.725Z","2026-06-23T12:54:43.939184+00:00"
"254","accessible_parking","대전광역시 서구","가수원동 장애인주차장 121","장애인주차장","대전 서구 벌곡로1379번길","36.30383247","127.3526723","","대전|서구|장애인주차장|주차장|wheelchair|mobility_access","seogu.go.kr:dspsn_park_lc_sttus:121","c295c707-2979-4e71-ae78-1bc3eda6bf4a","cf03108f-8469-4c96-9b5f-74a97e749e26","가수원동 장애인주차장 121은/는 대전광역시 서구 장애인주차장 위치 정보입니다. 위치는 대전 서구 벌곡로1379번길입니다. 행정동은 가수원동입니다. 좌표는 위도 36.30383247, 경도 127.3526723입니다. 장애인 주차 가능 여부와 실제 주차면 사용 가능 여부는 현장 상황에 따라 달라질 수 있습니다.","2026-06-23T12:59:38.725Z","2026-06-23T12:54:44.048512+00:00"
"255","accessible_parking","대전광역시 서구","월평2동 장애인주차장 122","장애인주차장","대전 서구 월평동 1508","36.36348732","127.3766611","","대전|서구|장애인주차장|주차장|wheelchair|mobility_access","seogu.go.kr:dspsn_park_lc_sttus:122","18055794-be78-43c3-a139-ca8e5d0f64f2","f8d77993-a27f-4c94-a089-172a48432b6d","월평2동 장애인주차장 122은/는 대전광역시 서구 장애인주차장 위치 정보입니다. 위치는 대전 서구 월평동 1508입니다. 행정동은 월평2동입니다. 좌표는 위도 36.36348732, 경도 127.3766611입니다. 장애인 주차 가능 여부와 실제 주차면 사용 가능 여부는 현장 상황에 따라 달라질 수 있습니다.","2026-06-23T12:59:38.725Z","2026-06-23T12:54:44.167205+00:00"
"256","accessible_parking","대전광역시 서구","만년동 장애인주차장 123","장애인주차장","대전 서구 만년남로3번길","36.3658579","127.3732658","","대전|서구|장애인주차장|주차장|wheelchair|mobility_access","seogu.go.kr:dspsn_park_lc_sttus:123","43fb95b0-c9e4-485f-ab7e-3069954987e1","029d556d-afcb-42a4-998a-101c68f16628","만년동 장애인주차장 123은/는 대전광역시 서구 장애인주차장 위치 정보입니다. 위치는 대전 서구 만년남로3번길입니다. 행정동은 만년동입니다. 좌표는 위도 36.3658579, 경도 127.3732658입니다. 장애인 주차 가능 여부와 실제 주차면 사용 가능 여부는 현장 상황에 따라 달라질 수 있습니다.","2026-06-23T12:59:38.725Z","2026-06-23T12:54:44.303005+00:00"
"257","accessible_parking","대전광역시 서구","관저2동 장애인주차장 124","장애인주차장","대전 서구 관저중로 98","36.30090806","127.3354162","","대전|서구|장애인주차장|주차장|wheelchair|mobility_access","seogu.go.kr:dspsn_park_lc_sttus:124","375f2148-8743-48f6-8444-e02cad32f009","37f2276e-045d-4d36-bdfa-47e471cb8f2a","관저2동 장애인주차장 124은/는 대전광역시 서구 장애인주차장 위치 정보입니다. 위치는 대전 서구 관저중로 98입니다. 행정동은 관저2동입니다. 좌표는 위도 36.30090806, 경도 127.3354162입니다. 장애인 주차 가능 여부와 실제 주차면 사용 가능 여부는 현장 상황에 따라 달라질 수 있습니다.","2026-06-23T12:59:38.725Z","2026-06-23T12:54:44.638213+00:00"
"258","accessible_parking","대전광역시 서구","관저1동 장애인주차장 125","장애인주차장","대전 서구 관저동 1904","36.30709586","127.3412542","","대전|서구|장애인주차장|주차장|wheelchair|mobility_access","seogu.go.kr:dspsn_park_lc_sttus:125","19f11779-2c44-4d17-9e45-8b2bc501f8f0","9914eae4-3dee-4125-b363-c1de9e8cef01","관저1동 장애인주차장 125은/는 대전광역시 서구 장애인주차장 위치 정보입니다. 위치는 대전 서구 관저동 1904입니다. 행정동은 관저1동입니다. 좌표는 위도 36.30709586, 경도 127.3412542입니다. 장애인 주차 가능 여부와 실제 주차면 사용 가능 여부는 현장 상황에 따라 달라질 수 있습니다.","2026-06-23T12:59:38.725Z","2026-06-23T12:54:44.746322+00:00"
"259","culture_tour","대전광역시","유성온천","관광지","대전 유성구 봉명동 574 대전 유성구 온천로 89","0","0","042-611-2114","대전|문화관광|관광지","data.go.kr:15000881:유성온천","e80ec4a7-084a-4b42-a25e-c079110607a7","10b43e54-ab2e-4e44-99c1-149563e8bf3f","유성온천은/는 대전광역시 문화관광 관광지 정보입니다. 요약: 몸으로 마시는 보약 주소는 대전 유성구 봉명동 574 대전 유성구 온천로 89입니다. 문의처는 042-611-2114입니다. 운영 시간은 05:30 ~ 22:00입니다. 이용 금액은 이용요금:홈페이지 참조입니다. 편의 시설 안내는 종합관광안내소(042-861-1330)입니다. 운영 시간, 요금, 편의시설은 변경될 수 있으니 방문 전 공식 안내를 확인해야 합니다.","2026-06-23T12:59:38.753Z","2026-06-23T12:54:44.870485+00:00"
"260","culture_tour","대전광역시","으능정이문화의거리","관광지","대전 중구 은행동 45-10","36.329327","127.42839","042-252-7100","대전|문화관광|관광지","data.go.kr:15000881:으능정이문화의거리","d428e483-2111-452c-9bca-7f14811d5ddb","343a6350-f3d0-4c7d-86f4-f1b2dcf9fa04","으능정이문화의거리은/는 대전광역시 문화관광 관광지 정보입니다. 요약: 청춘과 문화의 놀이터 주소는 대전 중구 은행동 45-10입니다. 문의처는 042-252-7100입니다. 주차 시설은 우리들공원 주차장 (355면)입니다. 운영 시간, 요금, 편의시설은 변경될 수 있으니 방문 전 공식 안내를 확인해야 합니다.","2026-06-23T12:59:38.753Z","2026-06-23T12:54:45.00472+00:00"
"261","culture_tour","대전광역시","대전문화예술단지","관광지","대전 서구 둔산대로 135 대전 서구 만년동 396","36.366615","127.38376","042-270-8333","대전|문화관광|관광지","data.go.kr:15000881:대전문화예술단지","eab70f3d-d018-4327-918b-b48551e8101a","7a24dfbe-6185-42c3-b7a9-7e81eda09829","대전문화예술단지은/는 대전광역시 문화관광 관광지 정보입니다. 요약: 사계절 바탕색이 바뀌다 주소는 대전 서구 둔산대로 135 대전 서구 만년동 396입니다. 문의처는 042-270-8333입니다. 운영 시간은 대전시립미술관 - 매일 10:00 - 18:00 11월-2월<br>(매월 마지막 수요일 20:00까지)입니다. 주차 시설은 한밭수목원 : 465면(무료), 예술의전당 : 268면(무료), 시립미술관:18면(무료)입니다. 운영 시간, 요금, 편의시설은 변경될 수 있으니 방문 전 공식 안내를 확인해야 합니다.","2026-06-23T12:59:38.753Z","2026-06-23T12:54:45.164623+00:00"
"262","culture_tour","대전광역시","동춘당","관광지","대전 대덕구 동춘당로 80 대전 대덕구 송촌동 192","0","0","042-608-6574","대전|문화관광|관광지","data.go.kr:15000881:동춘당","b0a3f00f-9ffc-4d3a-ad70-31cf9f7d8562","f88c67d1-3642-4ef4-b525-b497dc9aea35","동춘당은/는 대전광역시 문화관광 관광지 정보입니다. 요약: 자연스럽지 아니한家 주소는 대전 대덕구 동춘당로 80 대전 대덕구 송촌동 192입니다. 문의처는 042-608-6574입니다. 운영 시간은 09:00 ~ 18:00입니다. 주차 시설은 동춘당공원 주자창 무료 이용 가능 : 30면입니다. 운영 시간, 요금, 편의시설은 변경될 수 있으니 방문 전 공식 안내를 확인해야 합니다.","2026-06-23T12:59:38.753Z","2026-06-23T12:54:45.317273+00:00"
"263","culture_tour","대전광역시","대전둘레산길","관광지","대전 중구 문화동 산 18-1","36.299423","127.41981","042-270-5583","대전|문화관광|관광지","data.go.kr:15000881:대전둘레산길","468ff287-4e93-49c8-81e7-4ae9e9a4c29f","45406320-54b6-45a8-ba14-15c1a8968f01","대전둘레산길은/는 대전광역시 문화관광 관광지 정보입니다. 요약: 133km, 300리를 두르는 길 주소는 대전 중구 문화동 산 18-1입니다. 문의처는 042-270-5583입니다. 운영 시간은 09:00 ~ 24:00입니다. 운영 시간, 요금, 편의시설은 변경될 수 있으니 방문 전 공식 안내를 확인해야 합니다.","2026-06-23T12:59:38.753Z","2026-06-23T12:54:45.477354+00:00"
"264","culture_tour","대전광역시","대청호반","관광지","대전 동구 추동 333","36.37176","127.475624","042-930-7240","대전|문화관광|관광지","data.go.kr:15000881:대청호반","4a5fcbea-891c-4b17-b2fb-73ab4b5b6cf0","4892c09e-9fec-41c3-b87e-7b24797e8904","대청호반은/는 대전광역시 문화관광 관광지 정보입니다. 요약: 걸으며 사색하는 그림 속 호수 주소는 대전 동구 추동 333입니다. 문의처는 042-930-7240입니다. 운영 시간은 00:00 ~ 24:00입니다. 운영 시간, 요금, 편의시설은 변경될 수 있으니 방문 전 공식 안내를 확인해야 합니다.","2026-06-23T12:59:38.753Z","2026-06-23T12:54:45.586827+00:00"
"265","culture_tour","대전광역시","엑스포과학공원","관광지","대전 유성구 엑스포로 85","36.37443","127.38898","042-250-1111","대전|문화관광|관광지","data.go.kr:15000881:엑스포과학공원","b0ddfd78-84fa-4a8f-9357-f02f6ea0a4e3","8f9d7fdf-3110-4219-9cc7-2b1929286997","엑스포과학공원은/는 대전광역시 문화관광 관광지 정보입니다. 요약: 과학을 주제로 한 테마공원 주소는 대전 유성구 엑스포로 85입니다. 문의처는 042-250-1111입니다. 운영 시간은 10:00 ~ 18:00입니다. 주차 시설은 경차:1000원/소형:2000원/대형:3000원입니다. 운영 시간, 요금, 편의시설은 변경될 수 있으니 방문 전 공식 안내를 확인해야 합니다.","2026-06-23T12:59:38.753Z","2026-06-23T12:54:45.721037+00:00"
"266","culture_tour","대전광역시","뿌리공원","관광지","대전 중구 뿌리공원로 79 대전 중구 침산동 364","36.28538","127.3883","042-288-8310","대전|문화관광|관광지|wheelchair|mobility_access|stroller","data.go.kr:15000881:뿌리공원","adf9f779-2f7b-4db4-aea1-9eefbb905d77","c78cc361-92cc-4f69-b728-be6ed16b71d7","뿌리공원은/는 대전광역시 문화관광 관광지 정보입니다. 요약: 전국 유일의 ‘효’ 테마공원 주소는 대전 중구 뿌리공원로 79 대전 중구 침산동 364입니다. 문의처는 042-288-8310입니다. 운영 시간은 3월~10월 : 06:00~22:00, 11월~2월 : 07:00~21:00 / 연중무휴입니다. 이용 금액은 무료입니다. 주차 시설은 있음 (무료)입니다. 편의 시설 안내는 한국 족보박물관 / 유모차 3대/휠체어 6대 보유 (2020-02 기준)입니다. 운영 시간, 요금, 편의시설은 변경될 수 있으니 방문 전 공식 안내를 확인해야 합니다.","2026-06-23T12:59:38.753Z","2026-06-23T12:54:45.838533+00:00"
"267","culture_tour","대전광역시","오-월드","관광지","대전 중구 사정공원로 70 대전 중구 사정동 142","0","0","042-580-4820","대전|문화관광|관광지|wheelchair|mobility_access|stroller","data.go.kr:15000881:오-월드","db2f6317-e51d-4a23-883a-8af30dfc4703","f6cd74d9-042d-4b47-ba88-98bc1b7979c3","오-월드은/는 대전광역시 문화관광 관광지 정보입니다. 요약: 중부 이남의 최대규모인 종합 테마파크 주소는 대전 중구 사정공원로 70 대전 중구 사정동 142입니다. 문의처는 042-580-4820입니다. 운영 시간은 09:30 ~ 18:00입니다. 이용 금액은 이용요금:홈페이지 참조입니다. 주차 시설은 있음 (총 1,913대 주차가능)입니다. 편의 시설 안내는 유모차 15대, 휠체어 3대 (대여료 3,000원)<br />(2020-02 기준 변경가능)입니다. 운영 시간, 요금, 편의시설은 변경될 수 있으니 방문 전 공식 안내를 확인해야 합니다.","2026-06-23T12:59:38.753Z","2026-06-23T12:54:45.961885+00:00"
"268","culture_tour","대전광역시","계족산 황톳길","관광지","대전 대덕구 장동 453-1 대전 대덕구 산디로 82","0","0","042-623-9909","대전|문화관광|관광지","data.go.kr:15000881:계족산_황톳길","d76d5a72-8b3e-4e99-81bf-afab5428a875","3be512e0-9071-47b3-82bb-2367e860c0dd","계족산 황톳길은/는 대전광역시 문화관광 관광지 정보입니다. 요약: 맨발의 힐링캠프 계족산 황톳길 주소는 대전 대덕구 장동 453-1 대전 대덕구 산디로 82입니다. 문의처는 042-623-9909입니다. 주차 시설은 25대입니다. 편의 시설 안내는 화장실/ 운동기구/ 물놀이장/ 음수대입니다. 운영 시간, 요금, 편의시설은 변경될 수 있으니 방문 전 공식 안내를 확인해야 합니다.","2026-06-23T12:59:38.753Z","2026-06-23T12:54:46.095968+00:00"
"269","culture_tour","대전광역시","유성온천 족욕체험장","관광지","대전 유성구 봉명동 574","36.3553","127.344795","042-611-2697","대전|문화관광|관광지","data.go.kr:15000881:유성온천_족욕체험장","c713622f-1a3a-40b1-b65e-7f3a5c440a9c","8180bc11-ef0e-43ae-b1ac-5402ffce20de","유성온천 족욕체험장은/는 대전광역시 문화관광 관광지 정보입니다. 요약: 도심 속 온천 유성온천과 족욕체험장 주소는 대전 유성구 봉명동 574입니다. 문의처는 042-611-2697입니다. 운영 시간은 00:00 ~ 24:00 연중무휴입니다. 운영 시간, 요금, 편의시설은 변경될 수 있으니 방문 전 공식 안내를 확인해야 합니다.","2026-06-23T12:59:38.753Z","2026-06-23T12:54:46.367582+00:00"
"270","culture_tour","대전광역시","3대 하천과 자전거길","관광지","","0","0","","대전|문화관광|관광지","data.go.kr:15000881:3대_하천과_자전거길","16424b65-977b-4556-a806-644cbd482d71","b4a796b2-6914-4483-b36d-4b9fd5ce2057","3대 하천과 자전거길은/는 대전광역시 문화관광 관광지 정보입니다. 요약: 강 따라 떠나는 자전거 여행 3대 하천과 자전거길 운영 시간, 요금, 편의시설은 변경될 수 있으니 방문 전 공식 안내를 확인해야 합니다.","2026-06-23T12:59:38.753Z","2026-06-23T12:54:46.498381+00:00"
"271","culture_tour","대전광역시","장태산자연휴양림","관광지","대전 서구 장안로 461 대전 서구 장안동 259","0","0","042-270-7883","대전|문화관광|관광지","data.go.kr:15000881:장태산자연휴양림","0b301c13-e0a0-465a-a900-017b96648573","9fc87d14-d79d-430f-b1c4-3851531e8416","장태산자연휴양림은/는 대전광역시 문화관광 관광지 정보입니다. 요약: 메타세콰이어 숲이 아름다운 장태산자연휴양림 주소는 대전 서구 장안로 461 대전 서구 장안동 259입니다. 문의처는 042-270-7883입니다. 운영 시간은 00:00 ~ 24:00 연중무휴입니다. 주차 시설은 472면(무료)입니다. 편의 시설 안내는 숙박시설[숲속의집, 산림문화수양관, 숲속수련장], 이용요금[6인이하 8만원, 4-5인용 6~8만원 15인용 35만원]입니다. 운영 시간, 요금, 편의시설은 변경될 수 있으니 방문 전 공식 안내를 확인해야 합니다.","2026-06-23T12:59:38.753Z","2026-06-23T12:54:46.666263+00:00"
"272","culture_tour","대전광역시","대청호 오백리길","관광지","대전 대덕구 대청로 618-136 대전 대덕구 미호동 1-5","0","0","042-869-5114","대전|문화관광|관광지","data.go.kr:15000881:대청호_오백리길","0eea1c70-18b4-4483-a035-95048c921a90","912e8581-a563-4ce6-bb3a-bb9a31677b44","대청호 오백리길은/는 대전광역시 문화관광 관광지 정보입니다. 요약: 대표 녹색생태 관광지 대청호 오백리길 주소는 대전 대덕구 대청로 618-136 대전 대덕구 미호동 1-5입니다. 문의처는 042-869-5114입니다. 운영 시간, 요금, 편의시설은 변경될 수 있으니 방문 전 공식 안내를 확인해야 합니다.","2026-06-23T12:59:38.753Z","2026-06-23T12:54:46.787678+00:00"
"273","culture_tour","대전광역시","한밭수목원","관광지","대전 서구 둔산대로 169 대전 서구 만년동 396","0","0","042-270-8452","대전|문화관광|관광지","data.go.kr:15000881:한밭수목원","4ef5749e-ad1c-4b22-a6e6-344bb517e7d8","1cf97d03-a5a1-4f1a-b9f3-0918e13d848e","한밭수목원은/는 대전광역시 문화관광 관광지 정보입니다. 요약: 도심속 비밀정원 한밭수목원 주소는 대전 서구 둔산대로 169 대전 서구 만년동 396입니다. 문의처는 042-270-8452입니다. 운영 시간은 06:00 ~ 21:00 [하절기(4월~9월) 06:00~21:00 동절기(10월~3월) 08:00~19:00] 열대식물원 : 09:00~18:00 기타    내용:동원 : 매주 월요일 휴무, 서원 : 매주 화요일 휴무입니다. 주차 시설은 한밭수목원 : 465면(무료)입니다. 편의 시설 안내는 엑스포시민광장내 매장, 자전거대여소,커피숍 등입니다. 운영 시간, 요금, 편의시설은 변경될 수 있으니 방문 전 공식 안내를 확인해야 합니다.","2026-06-23T12:59:38.753Z","2026-06-23T12:54:46.914746+00:00"
"274","culture_tour","대전광역시","금강로하스 에코파크","관광지","대전 대덕구 대청로 167 대전 대덕구 신탄진동 5","36.448902","127.443596","","대전|문화관광|관광지","data.go.kr:15000881:금강로하스_에코파크","3afcaf07-3118-44a9-b128-ced9b6cd216b","85c6aa0e-9eb7-4302-8836-b58ba41bb591","금강로하스 에코파크은/는 대전광역시 문화관광 관광지 정보입니다. 요약: 금강을 체험하는 금강로하스 에코파크 주소는 대전 대덕구 대청로 167 대전 대덕구 신탄진동 5입니다. 운영 시간, 요금, 편의시설은 변경될 수 있으니 방문 전 공식 안내를 확인해야 합니다.","2026-06-23T12:59:38.753Z","2026-06-23T12:54:47.291355+00:00"
"275","culture_tour","대전광역시","카이스트(KAIST)","관광지","대전 유성구 대학로 291 대전 유성구 구성동 23","36.368282","127.35698","042-350-2293","대전|문화관광|관광지","data.go.kr:15000881:카이스트(KAIST)","9b2752b8-12de-4833-ab9a-0dc9b0f51e60","bd07b28c-ae2d-4bb2-a5e3-4f2c79a7dbe9","카이스트(KAIST)은/는 대전광역시 문화관광 관광지 정보입니다. 요약: 대한민국의 미래가 보인다 카이스트(KAIST) 주소는 대전 유성구 대학로 291 대전 유성구 구성동 23입니다. 문의처는 042-350-2293입니다. 운영 시간, 요금, 편의시설은 변경될 수 있으니 방문 전 공식 안내를 확인해야 합니다.","2026-06-23T12:59:38.753Z","2026-06-23T12:54:47.460688+00:00"
"276","culture_tour","대전광역시","엑스포과학공원과 세계엑스포 기념품박물관","관광지","대전 유성구 대덕대로 480 대전 유성구 도룡동 3-1","36.376625","127.3872","042-869-5114","대전|문화관광|관광지","data.go.kr:15000881:엑스포과학공원과_세계엑스포_기념품박물관","c5d49c6a-67ad-460c-9e26-285286fb2885","ed198a94-2645-4b8d-9afb-b0e9335c19a7","엑스포과학공원과 세계엑스포 기념품박물관은/는 대전광역시 문화관광 관광지 정보입니다. 요약: 엑스포과학공원과 세계엑스포 기념품박물관 주소는 대전 유성구 대덕대로 480 대전 유성구 도룡동 3-1입니다. 문의처는 042-869-5114입니다. 운영 시간, 요금, 편의시설은 변경될 수 있으니 방문 전 공식 안내를 확인해야 합니다.","2026-06-23T12:59:38.753Z","2026-06-23T12:54:47.58405+00:00"
"277","culture_tour","대전광역시","한국표준과학연구원","관광지","대전 유성구 가정로 267 대전 유성구 도룡동 452","36.3856","127.36851","042-868-5593","대전|문화관광|관광지","data.go.kr:15000881:한국표준과학연구원","18cd825d-5901-4424-8394-e89854731543","5c2e9171-8f3f-4673-b1ca-20bb44830681","한국표준과학연구원은/는 대전광역시 문화관광 관광지 정보입니다. 요약: 모든 기준을 만들다 한국표준과학연구원과 해시계 주소는 대전 유성구 가정로 267 대전 유성구 도룡동 452입니다. 문의처는 042-868-5593입니다. 운영 시간, 요금, 편의시설은 변경될 수 있으니 방문 전 공식 안내를 확인해야 합니다.","2026-06-23T12:59:38.753Z","2026-06-23T12:54:47.784745+00:00"
"278","culture_tour","대전광역시","한국전자통신연구원","관광지","대전 유성구 가정로 218 대전 유성구 가정동 161","36.38266","127.36523","042-860-6114","대전|문화관광|관광지","data.go.kr:15000881:한국전자통신연구원","2d3f5ded-e37d-42a0-9703-387de39c0975","eead481a-6b34-4de2-8c3a-e20b9a6f1394","한국전자통신연구원은/는 대전광역시 문화관광 관광지 정보입니다. 요약: ICT 발원지를 찾아서 한국전자통신연구원 주소는 대전 유성구 가정로 218 대전 유성구 가정동 161입니다. 문의처는 042-860-6114입니다. 운영 시간은 09:00 ~ 18:00 (휴무일: 공휴일, 명절)입니다. 운영 시간, 요금, 편의시설은 변경될 수 있으니 방문 전 공식 안내를 확인해야 합니다.","2026-06-23T12:59:38.753Z","2026-06-23T12:54:47.926101+00:00"
"279","culture_tour","대전광역시","국립중앙과학관","관광지","대전 유성구 대덕대로 481 대전 유성구 구성동 32-2","36.377132","127.37499","042-601-7894","대전|문화관광|관광지","data.go.kr:15000881:국립중앙과학관","ce57b3f7-e3e1-4e2c-ad90-36dc1710fd42","1b1e4554-a62e-4b21-9688-b73a479f197a","국립중앙과학관은/는 대전광역시 문화관광 관광지 정보입니다. 요약: 우주의 신비를 찾아서 국립중앙과학관과 천체투영기 주소는 대전 유성구 대덕대로 481 대전 유성구 구성동 32-2입니다. 문의처는 042-601-7894입니다. 운영 시간은 09:30 ~ 17:50 (휴무일: 월요일, 명절, 기타)입니다. 이용 금액은 시설대관시 대관비용있음 사이트 참조 http://www.science.go.kr/입니다. 주차 시설은 대형2,000원 소형1,000원 이용시간 08:30 ~ 17:50 휴관일과 운영시간 이후 18:00까지는 무료개방입니다. 편의 시설 안내는 전시관,편의시설안내,기념품점,물품보관소,주차장,유아보호시설,구내식당 및 매점,입니다. 운영 시간, 요금, 편의시설은 변경될 수 있으니 방문 전 공식 안내를 확인해야 합니다.","2026-06-23T12:59:38.753Z","2026-06-23T12:54:48.054363+00:00"
"280","culture_tour","대전광역시","한국한의학연구원","관광지","대전 유성구 유성대로 1672 대전 유성구 전민동 461-24","36.398373","127.39449","042-861-1994","대전|문화관광|관광지","data.go.kr:15000881:한국한의학연구원","5596682c-7430-4ca3-8677-87a64195421b","22df342b-4492-4a75-831a-33164e00c22f","한국한의학연구원은/는 대전광역시 문화관광 관광지 정보입니다. 요약: 한의학 연구의 허브 한국한의학연구원 주소는 대전 유성구 유성대로 1672 대전 유성구 전민동 461-24입니다. 문의처는 042-861-1994입니다. 운영 시간, 요금, 편의시설은 변경될 수 있으니 방문 전 공식 안내를 확인해야 합니다.","2026-06-23T12:59:38.753Z","2026-06-23T12:54:48.227733+00:00"
"281","culture_tour","대전광역시","대전시민천문대","관광지","대전 유성구 과학로 213-48 대전 유성구 신성동 7-13","36.381622","127.35366","042-863-8762,3","대전|문화관광|관광지","data.go.kr:15000881:대전시민천문대","f9417b7e-3338-4f48-adb8-76da20f59bb5","1371e926-5e51-4cc3-9a8c-36f132cb6f5f","대전시민천문대은/는 대전광역시 문화관광 관광지 정보입니다. 요약: 우주의 낭만을 찾아서 대전시민천문대와 굴절망원경 주소는 대전 유성구 과학로 213-48 대전 유성구 신성동 7-13입니다. 문의처는 042-863-8762,3입니다. 운영 시간은 14:00 ~ 22:00 (휴무일: 공휴일,명절, 매주월요일, 공휴일다음날)입니다. 편의 시설 안내는 커피숍 등입니다. 운영 시간, 요금, 편의시설은 변경될 수 있으니 방문 전 공식 안내를 확인해야 합니다.","2026-06-23T12:59:38.753Z","2026-06-23T12:54:48.361185+00:00"
"282","culture_tour","대전광역시","한국천문연구원","관광지","대전 유성구 대덕대로 776 대전 유성구 화암동 61-1","36.39962","127.37544","042-865-2084","대전|문화관광|관광지","data.go.kr:15000881:한국천문연구원","ea65aaaa-d93a-4b81-8f2d-8eab7b4fd46b","0efd701d-d5f3-4b14-bf16-e1a18102b05c","한국천문연구원은/는 대전광역시 문화관광 관광지 정보입니다. 요약: 달에서 몸무게는 얼마일까? 한국천문연구원 주소는 대전 유성구 대덕대로 776 대전 유성구 화암동 61-1입니다. 문의처는 042-865-2084입니다. 운영 시간, 요금, 편의시설은 변경될 수 있으니 방문 전 공식 안내를 확인해야 합니다.","2026-06-23T12:59:38.753Z","2026-06-23T12:54:48.482079+00:00"
"283","culture_tour","대전광역시","한국항공우주연구원","관광지","대전 유성구 과학로 169-84 대전 유성구 어은동 45","36.374893","127.35454","042-860-2114","대전|문화관광|관광지","data.go.kr:15000881:한국항공우주연구원","9076717c-0568-4f88-93d6-479ca390029f","e8490628-4d57-45ff-91bc-a526b4367bb7","한국항공우주연구원은/는 대전광역시 문화관광 관광지 정보입니다. 요약: 우주를 향한 인간의 도전 한국항공우주연구원과 나로호 주소는 대전 유성구 과학로 169-84 대전 유성구 어은동 45입니다. 문의처는 042-860-2114입니다. 운영 시간은 *견학안내(042-860-2155) : 평일 15;00~16:00 / 온라인 신청입니다. 운영 시간, 요금, 편의시설은 변경될 수 있으니 방문 전 공식 안내를 확인해야 합니다.","2026-06-23T12:59:38.753Z","2026-06-23T12:54:48.590408+00:00"
"284","culture_tour","대전광역시","한국기계연구원","관광지","대전 유성구 가정북로 156 대전 유성구 장동 171","36.396584","127.35648","042-861-7401","대전|문화관광|관광지","data.go.kr:15000881:한국기계연구원","858352e7-8473-4e77-9f81-70f76ced44c7","82197973-bb7e-40e1-98a4-b0f16e96955c","한국기계연구원은/는 대전광역시 문화관광 관광지 정보입니다. 요약: 미래의 여행 한국기계연구원 주소는 대전 유성구 가정북로 156 대전 유성구 장동 171입니다. 문의처는 042-861-7401입니다. 운영 시간, 요금, 편의시설은 변경될 수 있으니 방문 전 공식 안내를 확인해야 합니다.","2026-06-23T12:59:38.753Z","2026-06-23T12:54:48.700628+00:00"
"285","culture_tour","대전광역시","뿌리공원 캠핑장","관광지","대전 중구 뿌리공원로 79 대전 중구 침산동 364","0","0","042-581-4445","대전|문화관광|관광지","data.go.kr:15000881:뿌리공원_캠핑장","4cf801a9-406e-42f0-8f56-68657cd3123c","87991810-9d33-4fda-993c-23f0f105ae3e","뿌리공원 캠핑장은/는 대전광역시 문화관광 관광지 정보입니다. 요약: 뿌리공원 캠핑장 주소는 대전 중구 뿌리공원로 79 대전 중구 침산동 364입니다. 문의처는 042-581-4445입니다. 운영 시간, 요금, 편의시설은 변경될 수 있으니 방문 전 공식 안내를 확인해야 합니다.","2026-06-23T12:59:38.753Z","2026-06-23T12:54:48.819091+00:00"
"286","culture_tour","대전광역시","장태산자연휴양림캠핑장","관광지","대전 서구 장안로 461 대전 서구 장안동 259","0","0","042-270-7886","대전|문화관광|관광지","data.go.kr:15000881:장태산자연휴양림캠핑장","39147caa-3bb1-4fde-9980-928533778596","7458d667-1716-4af7-bde8-00b6a3c0bd32","장태산자연휴양림캠핑장은/는 대전광역시 문화관광 관광지 정보입니다. 요약: 장태산자연휴양림캠핑장 주소는 대전 서구 장안로 461 대전 서구 장안동 259입니다. 문의처는 042-270-7886입니다. 운영 시간, 요금, 편의시설은 변경될 수 있으니 방문 전 공식 안내를 확인해야 합니다.","2026-06-23T12:59:38.754Z","2026-06-23T12:54:48.947038+00:00"
"287","culture_tour","대전광역시","미륵원","관광지","대전 동구 마산동 135-2 대전 동구 마산동 135-2","0","0","042-251-4204","대전|문화관광|관광지","data.go.kr:15000881:미륵원","832f59c6-0d05-406f-8719-cde3634278ea","adbc4645-8189-4a6a-8556-c79c2bab7358","미륵원은/는 대전광역시 문화관광 관광지 정보입니다. 요약: 사회복지기관의 효시 미륵원 주소는 대전 동구 마산동 135-2 대전 동구 마산동 135-2입니다. 문의처는 042-251-4204입니다. 운영 시간, 요금, 편의시설은 변경될 수 있으니 방문 전 공식 안내를 확인해야 합니다.","2026-06-23T12:59:38.754Z","2026-06-23T12:54:49.076255+00:00"
"288","culture_tour","대전광역시","이응노 미술관","관광지","대전 서구 둔산대로 157 대전 서구 만년동 396","0","0","042-611-9821","대전|문화관광|관광지","data.go.kr:15000881:이응노_미술관","afab5245-71f6-492d-8ed3-5cae3f3e71c7","9476921c-25bc-458f-a52e-9d81721de80e","이응노 미술관은/는 대전광역시 문화관광 관광지 정보입니다. 요약: 이응노 미술관 주소는 대전 서구 둔산대로 157 대전 서구 만년동 396입니다. 문의처는 042-611-9821입니다. 운영 시간은 10:00 ~ 18:00 / 하절기(3월~10월) → 10:00~19:00(금→21:00) 동절기(11월~2월)→10:00~18:00(금→21:00) / 휴무일 : 공휴일,명절,매주 월요일입니다. 이용 금액은 500원 : 어른, 300원 : 청소년 및 어린이 , 무료 : 군인, 노인(65세 이상) 및 유아(6세 이하), 장애인(1급~3급) 및 보호자, 국가유공자와 그 배우자, 독립유공자, 5.18 민주 유공자, 다자녀 우대 '꿈나무 사랑카드'소지자 전원입니다. 주차 시설은 한밭수목원 : 465면(무료), 예술의전당 : 268면(무료), 시립미술관:18면(무료) 사용가능입니다. 편의 시설 안내는 기념품매장 등입니다. 운영 시간, 요금, 편의시설은 변경될 수 있으니 방문 전 공식 안내를 확인해야 합니다.","2026-06-23T12:59:38.754Z","2026-06-23T12:54:49.197076+00:00"
"289","culture_tour","대전광역시","대전시립미술관","관광지","대전 서구 둔산대로 155 대전 서구 만년동 396","0","0","042-270-7370","대전|문화관광|관광지","data.go.kr:15000881:대전시립미술관","f3eb4bc0-afc9-4d41-819d-bfb89f982fdd","e81afe43-2c28-4490-80b4-fef1c0edb322","대전시립미술관은/는 대전광역시 문화관광 관광지 정보입니다. 요약: 대전시립미술관 주소는 대전 서구 둔산대로 155 대전 서구 만년동 396입니다. 문의처는 042-270-7370입니다. 운영 시간은 10:00 ~ 19:00 / 하절기(3월~10월)→10:00~19:00(금→21:00) 동절기(11월~2월)→10:00~18:00(금→21:00) / 휴무일 : 명절, 매주 월요일입니다. 이용 금액은 어른 : 500원, 어른단체(20인이상) : 400원 어린이,청소년,군인 : 300원, 어린이,청소년,군인 단체(20인이상) : 200원 노인(65세이상)및 장애인, 국가유공자, 독립유공자, 5.18민주유공자 : 무료입니다. 주차 시설은 사용가능한 주차시설 : 한밭수목원 : 462면(무료) 예술의전당 : 268(무료) 시립미술관 : 18면(무료)입니다. 편의 시설 안내는 기념품점, 휴게실, 자료실입니다. 운영 시간, 요금, 편의시설은 변경될 수 있으니 방문 전 공식 안내를 확인해야 합니다.","2026-06-23T12:59:38.754Z","2026-06-23T12:54:49.314061+00:00"
"290","culture_tour","대전광역시","여진불교미술관","관광지","대전 유성구 엑스포로 624 대전 유성구 탑립동 442-1","0","0","042-934-8466","대전|문화관광|관광지","data.go.kr:15000881:여진불교미술관","bca7e78c-1aff-4f70-9060-49d47b28d6f9","2883c78a-e344-4f10-a85c-823f881a2115","여진불교미술관은/는 대전광역시 문화관광 관광지 정보입니다. 요약: 여진불교미술관 주소는 대전 유성구 엑스포로 624 대전 유성구 탑립동 442-1입니다. 문의처는 042-934-8466입니다. 운영 시간은 10:00 ~ 17:00 / 휴무일 : 매주 월요일입니다. 주차 시설은 50대-무료입니다. 운영 시간, 요금, 편의시설은 변경될 수 있으니 방문 전 공식 안내를 확인해야 합니다.","2026-06-23T12:59:38.754Z","2026-06-23T12:54:49.445533+00:00"
"291","culture_tour","대전광역시","한남대 박물관","관광지","대전 대덕구 한남로 70 대전 대덕구 오정동 133","36.3528","127.42331","042-629-7144","대전|문화관광|관광지","data.go.kr:15000881:한남대_박물관","585ccef1-c62a-47e8-b830-1f1503b9941c","7dcc2df9-8668-4a3c-93b8-bc2d4f1d135c","한남대 박물관은/는 대전광역시 문화관광 관광지 정보입니다. 요약: 한남대 박물관 주소는 대전 대덕구 한남로 70 대전 대덕구 오정동 133입니다. 문의처는 042-629-7144입니다. 운영 시간은 10:00 ~ 16:00 / 매주 월,수 금 개관 / 휴무일: 공휴일,명절, 화,목,토,일요일 , 방학기입니다. 운영 시간, 요금, 편의시설은 변경될 수 있으니 방문 전 공식 안내를 확인해야 합니다.","2026-06-23T12:59:38.754Z","2026-06-23T12:54:49.558312+00:00"
"292","culture_tour","대전광역시","대전선사박물관","관광지","대전 유성구 노은동로 126 대전 유성구 노은동 523","0","0","042-826-8640","대전|문화관광|관광지","data.go.kr:15000881:대전선사박물관","ce2e74f7-6971-4ab1-8980-fb9feddd4b35","88a7660d-7af9-476d-a146-eb500f9dc187","대전선사박물관은/는 대전광역시 문화관광 관광지 정보입니다. 요약: 대전선사박물관 주소는 대전 유성구 노은동로 126 대전 유성구 노은동 523입니다. 문의처는 042-826-8640입니다. 운영 시간은 09:00 ~ 19:00 / 하절기(3월~10월)→10:00~19:00 동절기(11월~2월)→10:00~18:00 / 휴무일: 명절, 1.1, 추석, 설날, 매주 월요일입니다. 주차 시설은 20대 무료주차입니다. 운영 시간, 요금, 편의시설은 변경될 수 있으니 방문 전 공식 안내를 확인해야 합니다.","2026-06-23T12:59:38.754Z","2026-06-23T12:54:49.696735+00:00"
"293","culture_tour","대전광역시","충남대 박물관","관광지","대전 유성구 대학로 99 대전 유성구 궁동 220","36.36837","127.342","042-821-6041","대전|문화관광|관광지","data.go.kr:15000881:충남대_박물관","2cc0ac3d-8e2f-47e2-97db-5f19507f1f89","831fa47e-3c29-4b4c-a613-9ce8a2ef82bf","충남대 박물관은/는 대전광역시 문화관광 관광지 정보입니다. 요약: 충남대 박물관 주소는 대전 유성구 대학로 99 대전 유성구 궁동 220입니다. 문의처는 042-821-6041입니다. 운영 시간은 10:00 ~ 17:00 / 휴무일: 공휴일,명절, 매주 토요일, 일요일입니다. 주차 시설은 30분 500원, 추가 10분당 200원 경차(800cc이하) 주차요금 50% 할인 24시간 주차시 20,000원입니다. 운영 시간, 요금, 편의시설은 변경될 수 있으니 방문 전 공식 안내를 확인해야 합니다.","2026-06-23T12:59:38.754Z","2026-06-23T12:54:49.808702+00:00"
"294","culture_tour","대전광역시","한밭교육박물관","관광지","대전 동구 우암로 96 대전 동구 삼성동 113-1","0","0","042-670-2200","대전|문화관광|관광지","data.go.kr:15000881:한밭교육박물관","8f5104a0-c0f2-430f-b0ad-e2d5697c9253","5f0c7be0-4e10-42bf-a42f-31ffcc6f3f9f","한밭교육박물관은/는 대전광역시 문화관광 관광지 정보입니다. 요약: 한밭교육박물관 주소는 대전 동구 우암로 96 대전 동구 삼성동 113-1입니다. 문의처는 042-670-2200입니다. 운영 시간은 09:30 ~ 17:00 / [하절기←09:30~17:00 동절기→09:30~16:00] / 휴무일: 매주 월요일입니다. 주차 시설은 주차요금없음입니다. 편의 시설 안내는 야외전시장입니다. 운영 시간, 요금, 편의시설은 변경될 수 있으니 방문 전 공식 안내를 확인해야 합니다.","2026-06-23T12:59:38.754Z","2026-06-23T12:54:49.928458+00:00"
"295","culture_tour","대전광역시","지질박물관","관광지","대전 유성구 과학로 124 대전 유성구 가정동 30","0","0","042-868-3797","대전|문화관광|관광지|stroller","data.go.kr:15000881:지질박물관","7bd199e1-5e54-4eaa-a45b-d1bd4b7cee79","926f2ea9-1b2d-4abb-871f-3c0cdceac32d","지질박물관은/는 대전광역시 문화관광 관광지 정보입니다. 요약: 지질박물관 주소는 대전 유성구 과학로 124 대전 유성구 가정동 30입니다. 문의처는 042-868-3797입니다. 운영 시간은 10:00 ~ 17:00 / 휴무일 : 공휴일,명절, 법정휴일다음날, 매주월요일입니다. 주차 시설은 무료입니다. 편의 시설 안내는 영상실, 어린이도서실입니다. 운영 시간, 요금, 편의시설은 변경될 수 있으니 방문 전 공식 안내를 확인해야 합니다.","2026-06-23T12:59:38.754Z","2026-06-23T12:54:50.053352+00:00"
"296","culture_tour","대전광역시","화폐박물관","관광지","대전 유성구 과학로 80-67 대전 유성구 가정동 35","0","0","042-870-1200","대전|문화관광|관광지","data.go.kr:15000881:화폐박물관","67329769-3e8b-4dba-9ecb-0cd23b253869","5954fe04-50b7-431f-9a6c-129cbaaf91e5","화폐박물관은/는 대전광역시 문화관광 관광지 정보입니다. 요약: 화폐박물관 주소는 대전 유성구 과학로 80-67 대전 유성구 가정동 35입니다. 문의처는 042-870-1200입니다. 운영 시간은 10:00 ~ 17:00 / 휴무일: 공휴일,명절,매주월요일입니다. 주차 시설은 무료입니다. 운영 시간, 요금, 편의시설은 변경될 수 있으니 방문 전 공식 안내를 확인해야 합니다.","2026-06-23T12:59:38.754Z","2026-06-23T12:54:50.187996+00:00"
"297","culture_tour","대전광역시","대전시립박물관","관광지","대전 유성구 도안대로 398 대전 유성구 상대동 488","0","0","042-270-8600","대전|문화관광|관광지","data.go.kr:15000881:대전시립박물관","4f7fb0cd-feef-474a-8b80-2902c3e1216e","cc613a0a-a45d-45e0-86d3-f2f6b15f5433","대전시립박물관은/는 대전광역시 문화관광 관광지 정보입니다. 요약: 대전시립박물관 주소는 대전 유성구 도안대로 398 대전 유성구 상대동 488입니다. 문의처는 042-270-8600입니다. 운영 시간은 동절기(11~2월) 10:00~18:00 / 하절기(3~10월) 10:00~19:00 /  휴무일 : 매주 월요일, 1월 1일, 명절 당일입니다. 운영 시간, 요금, 편의시설은 변경될 수 있으니 방문 전 공식 안내를 확인해야 합니다.","2026-06-23T12:59:38.754Z","2026-06-23T12:54:50.321469+00:00"
"298","culture_tour","대전광역시","계족산성","관광지","대전 대덕구 산디로 79-70 대전 대덕구 장동 산 63","0","0","042-270-4521","대전|문화관광|관광지","data.go.kr:15000881:계족산성","99333a3d-5a62-4ac6-aaed-55fd3b67ebfb","e67691ab-ce85-4131-b6e6-13ec469aa929","계족산성은/는 대전광역시 문화관광 관광지 정보입니다. 요약: 계족산성 주소는 대전 대덕구 산디로 79-70 대전 대덕구 장동 산 63입니다. 문의처는 042-270-4521입니다. 운영 시간은 09:00 ~ 24:00입니다. 주차 시설은 주차시설 25대입니다. 편의 시설 안내는 화장실/ 운동기구/ 물놀이장/ 음수대입니다. 운영 시간, 요금, 편의시설은 변경될 수 있으니 방문 전 공식 안내를 확인해야 합니다.","2026-06-23T12:59:38.754Z","2026-06-23T12:54:50.452282+00:00"
"299","culture_tour","대전광역시","회덕향교대성전","관광지","대전 대덕구 대전로1397번안길 126 대전 대덕구 읍내동 134","0","0","042-625-5565","대전|문화관광|관광지","data.go.kr:15000881:회덕향교대성전","5d9bc82c-2b43-4430-b4d3-5c2337d0dcc4","3ef2f02a-9d4e-4341-af0f-fe32d58346cb","회덕향교대성전은/는 대전광역시 문화관광 관광지 정보입니다. 요약: 회덕향교대성전 주소는 대전 대덕구 대전로1397번안길 126 대전 대덕구 읍내동 134입니다. 문의처는 042-625-5565입니다. 운영 시간, 요금, 편의시설은 변경될 수 있으니 방문 전 공식 안내를 확인해야 합니다.","2026-06-23T12:59:38.754Z","2026-06-23T12:54:50.597681+00:00"
"300","culture_tour","대전광역시","대전 소대헌ㆍ호연재 고택","관광지","대전 대덕구 동춘당로 70 대전 대덕구 송촌동 198-4","0","0","","대전|문화관광|관광지","data.go.kr:15000881:대전_소대헌ㆍ호연재_고택","895745e8-3334-492c-aeb8-41f5059990e8","1e39d046-9212-49c2-9529-3f2e2fff52f7","대전 소대헌ㆍ호연재 고택은/는 대전광역시 문화관광 관광지 정보입니다. 요약: 대전 소대헌ㆍ호연재 고택 주소는 대전 대덕구 동춘당로 70 대전 대덕구 송촌동 198-4입니다. 주차 시설은 동춘당공원 주차장 무료이용 : 30면입니다. 운영 시간, 요금, 편의시설은 변경될 수 있으니 방문 전 공식 안내를 확인해야 합니다.","2026-06-23T12:59:38.754Z","2026-06-23T12:54:50.731712+00:00"
"301","culture_tour","대전광역시","둔산선사유적공원","관광지","대전 서구 대덕대로317번길 9 대전 서구 월평동 281","0","0","042-270-2418","대전|문화관광|관광지","data.go.kr:15000881:둔산선사유적공원","ac9b6c46-233f-4c0d-af7f-5e92c7ff957c","21c2108a-0fb9-43ae-8b4b-c13084c14112","둔산선사유적공원은/는 대전광역시 문화관광 관광지 정보입니다. 요약: 둔산선사유적공원 주소는 대전 서구 대덕대로317번길 9 대전 서구 월평동 281입니다. 문의처는 042-270-2418입니다. 운영 시간은 09:00 ~ 24:00 / 연중무휴입니다. 운영 시간, 요금, 편의시설은 변경될 수 있으니 방문 전 공식 안내를 확인해야 합니다.","2026-06-23T12:59:38.754Z","2026-06-23T12:54:50.864971+00:00"
"302","culture_tour","대전광역시","도산서원","관광지","대전 서구 남선로 8 대전 서구 탄방동 220-1","0","0","042-486-7771","대전|문화관광|관광지","data.go.kr:15000881:도산서원","1534b941-11fc-4ca1-a329-3fbe93498866","c892d214-39c8-4962-8f0d-cca981820424","도산서원은/는 대전광역시 문화관광 관광지 정보입니다. 요약: 도산서원 주소는 대전 서구 남선로 8 대전 서구 탄방동 220-1입니다. 문의처는 042-486-7771입니다. 주차 시설은 무료입니다. 운영 시간, 요금, 편의시설은 변경될 수 있으니 방문 전 공식 안내를 확인해야 합니다.","2026-06-23T12:59:38.754Z","2026-06-23T12:54:50.981106+00:00"
"303","culture_tour","대전광역시","봉소루","관광지","대전 중구 봉소루로 29 대전 중구 석교동 61-2","0","0","042-606-6283","대전|문화관광|관광지","data.go.kr:15000881:봉소루","6cae7d64-c509-4918-95e3-fc79cc25e842","a00f8360-4943-4fc5-91a8-2ffacc4c58fa","봉소루은/는 대전광역시 문화관광 관광지 정보입니다. 요약: 봉소루 주소는 대전 중구 봉소루로 29 대전 중구 석교동 61-2입니다. 문의처는 042-606-6283입니다. 운영 시간, 요금, 편의시설은 변경될 수 있으니 방문 전 공식 안내를 확인해야 합니다.","2026-06-23T12:59:38.754Z","2026-06-23T12:54:51.097548+00:00"
"304","culture_tour","대전광역시","단재신채호선생생가지","관광지","대전 중구 단재로229번길 47 대전 중구 어남동 233","0","0","042-606-6283","대전|문화관광|관광지","data.go.kr:15000881:단재신채호선생생가지","7cfa88b0-219c-41b1-9114-61523adf0d1c","08b414e2-784e-4fb1-b064-c7e1c3e6686c","단재신채호선생생가지은/는 대전광역시 문화관광 관광지 정보입니다. 요약: 단재신채호선생생가지 주소는 대전 중구 단재로229번길 47 대전 중구 어남동 233입니다. 문의처는 042-606-6283입니다. 운영 시간은 연중무휴입니다. 주차 시설은 무료입니다. 운영 시간, 요금, 편의시설은 변경될 수 있으니 방문 전 공식 안내를 확인해야 합니다.","2026-06-23T12:59:38.754Z","2026-06-23T12:54:51.224133+00:00"
"305","culture_tour","대전광역시","창계숭절사","관광지","대전 중구 대둔산로137번길 67 대전 중구 안영동 567-7","0","0","042-606-6283","대전|문화관광|관광지","data.go.kr:15000881:창계숭절사","803e2059-9104-4539-a8ac-e1c4a6c84850","71c81600-7cca-43f6-9ecf-080df0708c7c","창계숭절사은/는 대전광역시 문화관광 관광지 정보입니다. 요약: 창계숭절사 주소는 대전 중구 대둔산로137번길 67 대전 중구 안영동 567-7입니다. 문의처는 042-606-6283입니다. 운영 시간, 요금, 편의시설은 변경될 수 있으니 방문 전 공식 안내를 확인해야 합니다.","2026-06-23T12:59:38.754Z","2026-06-23T12:54:51.377071+00:00"
"306","culture_tour","대전광역시","유회당","관광지","대전 중구 운남로85번길 32-20 대전 중구 무수동 94","0","0","042-606-6283","대전|문화관광|관광지","data.go.kr:15000881:유회당","94fc7986-fa6a-4a54-880c-d45e9276b114","f3f6bebc-a46e-418a-bfdb-45345aec7c87","유회당은/는 대전광역시 문화관광 관광지 정보입니다. 요약: 유회당 주소는 대전 중구 운남로85번길 32-20 대전 중구 무수동 94입니다. 문의처는 042-606-6283입니다. 운영 시간은 연중무휴입니다. 주차 시설은 50여대 / 무료입니다. 운영 시간, 요금, 편의시설은 변경될 수 있으니 방문 전 공식 안내를 확인해야 합니다.","2026-06-23T12:59:38.754Z","2026-06-23T12:54:51.528463+00:00"
"307","culture_tour","대전광역시","고산사 대웅전","관광지","대전 동구 대전로316번길 205 대전 동구 대성동 3","0","0","042-282-2263","대전|문화관광|관광지","data.go.kr:15000881:고산사_대웅전","ddec965d-880b-4db3-ac3c-7de215bb7594","40c96a5c-ecec-4e4c-b581-8f4fe988d9ab","고산사 대웅전은/는 대전광역시 문화관광 관광지 정보입니다. 요약: 고산사 대웅전 주소는 대전 동구 대전로316번길 205 대전 동구 대성동 3입니다. 문의처는 042-282-2263입니다. 운영 시간은 04:30 ~ 18:00 / 연중무휴입니다. 주차 시설은 150대(무료)입니다. 운영 시간, 요금, 편의시설은 변경될 수 있으니 방문 전 공식 안내를 확인해야 합니다.","2026-06-23T12:59:38.754Z","2026-06-23T12:54:51.654082+00:00"
"308","culture_tour","대전광역시","우암사적공원","관광지","대전 동구 충정로 53 대전 동구 가양동 3","0","0","042-673-9286","대전|문화관광|관광지","data.go.kr:15000881:우암사적공원","b1ec0255-f7c3-4401-b956-4595d64536d5","99af3d03-a518-4a63-a6db-21cdc07b642d","우암사적공원은/는 대전광역시 문화관광 관광지 정보입니다. 요약: 우암사적공원 주소는 대전 동구 충정로 53 대전 동구 가양동 3입니다. 문의처는 042-673-9286입니다. 운영 시간은 05:00 ~ 21:00 / 연중무휴입니다. 주차 시설은 유물관, 남간정사 등 : 10:00~17:00시까지만 개방 100대(무료)입니다. 운영 시간, 요금, 편의시설은 변경될 수 있으니 방문 전 공식 안내를 확인해야 합니다.","2026-06-23T12:59:38.754Z","2026-06-23T12:54:51.788527+00:00"
"309","culture_tour","대전광역시","문충사","관광지","대전 동구 동부로73번길 44 대전 동구 용운동 356-1","0","0","042-608-6575","대전|문화관광|관광지","data.go.kr:15000881:문충사","cc8c19b8-ec80-4019-97ed-68f83262bee9","a94a975c-91ec-4f81-a073-784120470f30","문충사은/는 대전광역시 문화관광 관광지 정보입니다. 요약: 문충사 주소는 대전 동구 동부로73번길 44 대전 동구 용운동 356-1입니다. 문의처는 042-608-6575입니다. 운영 시간, 요금, 편의시설은 변경될 수 있으니 방문 전 공식 안내를 확인해야 합니다.","2026-06-23T12:59:38.754Z","2026-06-23T12:54:51.90145+00:00"
"310","culture_tour","대전광역시","송애당","관광지","대전 대덕구 계족산로17번길 60 대전광역시 대덕구 계족산로17번길 60","36.3646","127.43288","042-608-6575","대전|문화관광|관광지","data.go.kr:15000881:송애당","6cde331f-8781-4ca1-9a25-6a07bb37ab5e","ccceb079-e617-40ac-8480-722de7840c77","송애당은/는 대전광역시 문화관광 관광지 정보입니다. 요약: 송애당 주소는 대전 대덕구 계족산로17번길 60 대전광역시 대덕구 계족산로17번길 60입니다. 문의처는 042-608-6575입니다. 주차 시설은 공영주차장 : 무료입니다. 운영 시간, 요금, 편의시설은 변경될 수 있으니 방문 전 공식 안내를 확인해야 합니다.","2026-06-23T12:59:38.754Z","2026-06-23T12:54:52.024389+00:00"
"311","culture_tour","대전광역시","쌍청당","관광지","대전 대덕구 쌍청당로 17 대전 대덕구 중리동 71-1","36.36386","127.4344","042-608-6575","대전|문화관광|관광지","data.go.kr:15000881:쌍청당","eee14da0-6f78-4ccc-85dd-6cdbb518628d","40efb0c2-06af-4e54-8aec-2844fb653635","쌍청당은/는 대전광역시 문화관광 관광지 정보입니다. 요약: 쌍청당 주소는 대전 대덕구 쌍청당로 17 대전 대덕구 중리동 71-1입니다. 문의처는 042-608-6575입니다. 운영 시간은 11:00 ~ 18:00입니다. 운영 시간, 요금, 편의시설은 변경될 수 있으니 방문 전 공식 안내를 확인해야 합니다.","2026-06-23T12:59:38.754Z","2026-06-23T12:54:52.149228+00:00"
"312","culture_tour","대전광역시","진잠향교대성전","관광지","대전 유성구 교촌로 67 대전 유성구 교촌동 630-1","0","0","042-543-1811","대전|문화관광|관광지","data.go.kr:15000881:진잠향교대성전","877c7566-44cd-4cb9-a378-979693359de3","9161c6d3-7def-44aa-89a7-16b3c590835c","진잠향교대성전은/는 대전광역시 문화관광 관광지 정보입니다. 요약: 진잠향교대성전 주소는 대전 유성구 교촌로 67 대전 유성구 교촌동 630-1입니다. 문의처는 042-543-1811입니다. 운영 시간은 09:00 ~ 17:00 / 휴무일 : 공휴일, 명절입니다. 주차 시설은 30면(무료)입니다. 운영 시간, 요금, 편의시설은 변경될 수 있으니 방문 전 공식 안내를 확인해야 합니다.","2026-06-23T12:59:38.754Z","2026-06-23T12:54:52.267264+00:00"
"313","culture_tour","대전광역시","숭현서원","관광지","대전 유성구 엑스포로251번길 36 대전광역시 유성구 엑스포로251번길 36","36.379585","127.40435","042-861-0409","대전|문화관광|관광지","data.go.kr:15000881:숭현서원","b4325a46-1fca-41dc-8f31-9e45150c9c3b","5a72ef43-836d-4619-b63e-03cacd6b6fae","숭현서원은/는 대전광역시 문화관광 관광지 정보입니다. 요약: 숭현서원 주소는 대전 유성구 엑스포로251번길 36 대전광역시 유성구 엑스포로251번길 36입니다. 문의처는 042-861-0409입니다. 운영 시간은 00:00 ~ 24:00입니다. 운영 시간, 요금, 편의시설은 변경될 수 있으니 방문 전 공식 안내를 확인해야 합니다.","2026-06-23T12:59:38.754Z","2026-06-23T12:54:52.394209+00:00"
"314","culture_tour","대전광역시","수운교천단","관광지","대전 유성구 자운로245번길 80 대전 유성구 추목동 403-1","0","0","042-861-1771","대전|문화관광|관광지","data.go.kr:15000881:수운교천단","5890fd52-be4a-4e30-aff7-02c9b9955c75","42e2a1a1-e60d-441f-b86f-c25b3de8aa62","수운교천단은/는 대전광역시 문화관광 관광지 정보입니다. 요약: 수운교천단 주소는 대전 유성구 자운로245번길 80 대전 유성구 추목동 403-1입니다. 문의처는 042-861-1771입니다. 운영 시간은 06:00 ~ 18:00입니다. 주차 시설은 1000대-무료입니다. 편의 시설 안내는 봉령각/법회당/복지관/사무실/주차장입니다. 운영 시간, 요금, 편의시설은 변경될 수 있으니 방문 전 공식 안내를 확인해야 합니다.","2026-06-23T12:59:38.754Z","2026-06-23T12:54:52.579722+00:00"
"315","culture_tour","대전광역시","산디마을 생태공원 캠핑장","관광지","대전 대덕구 산디로 190 대전 대덕구 장동 685-1","0","0","070-4158-3360","대전|문화관광|관광지","data.go.kr:15000881:산디마을_생태공원_캠핑장","1141b240-c49b-4a76-a425-80918cb0f3c6","2009e1a7-6862-402e-a92e-9f3d6aeb4f6a","산디마을 생태공원 캠핑장은/는 대전광역시 문화관광 관광지 정보입니다. 요약: 산디마을 생태공원 캠핑장 주소는 대전 대덕구 산디로 190 대전 대덕구 장동 685-1입니다. 문의처는 070-4158-3360입니다. 운영 시간, 요금, 편의시설은 변경될 수 있으니 방문 전 공식 안내를 확인해야 합니다.","2026-06-23T12:59:38.754Z","2026-06-23T12:54:52.717191+00:00"
"316","culture_tour","대전광역시","로하스 가족공원 캠핑장","관광지","대전 대덕구 대청로424번길 200 대전 대덕구 미호동 476-2","0","0","042-933-6575","대전|문화관광|관광지","data.go.kr:15000881:로하스_가족공원_캠핑장","0d75b34c-9c3d-45ef-b772-5d14eb09d4e5","3b2dc655-e28b-4418-a1c8-c3d77e58fd12","로하스 가족공원 캠핑장은/는 대전광역시 문화관광 관광지 정보입니다. 요약: 로하스 가족공원 캠핑장 주소는 대전 대덕구 대청로424번길 200 대전 대덕구 미호동 476-2입니다. 문의처는 042-933-6575입니다. 운영 시간, 요금, 편의시설은 변경될 수 있으니 방문 전 공식 안내를 확인해야 합니다.","2026-06-23T12:59:38.754Z","2026-06-23T12:54:52.832562+00:00"
"317","culture_tour","대전광역시","상소오토캠핑장","관광지","대전 동구 산내로 748 대전 동구 상소동 1","0","0","042-273-4174","대전|문화관광|관광지","data.go.kr:15000881:상소오토캠핑장","86d8db6a-ab47-4480-815c-b1bf75a7584a","6c0ef1bc-2672-4399-bb7e-9ce6e841b769","상소오토캠핑장은/는 대전광역시 문화관광 관광지 정보입니다. 요약: 상소오토캠핑장 주소는 대전 동구 산내로 748 대전 동구 상소동 1입니다. 문의처는 042-273-4174입니다. 운영 시간, 요금, 편의시설은 변경될 수 있으니 방문 전 공식 안내를 확인해야 합니다.","2026-06-23T12:59:38.754Z","2026-06-23T12:54:52.963019+00:00"
"318","culture_tour","대전광역시","조선의 정원서재 송시열의 남간정사","관광지","대전 동구 충정로 53 남간정사","0","0","","대전|문화관광|관광지","data.go.kr:15000881:조선의_정원서재_송시열의_남간정사","7df14873-7577-46d1-b92e-12e0d93fb466","254cd1c4-bbfc-41c5-b5be-c3ca43fb87fa","조선의 정원서재 송시열의 남간정사은/는 대전광역시 문화관광 관광지 정보입니다. 요약: 조선의 정원서재 송시열의 남간정사 주소는 대전 동구 충정로 53 남간정사입니다. 운영 시간, 요금, 편의시설은 변경될 수 있으니 방문 전 공식 안내를 확인해야 합니다.","2026-06-23T12:59:38.754Z","2026-06-23T12:54:53.081781+00:00"
"319","culture_tour","대전광역시","옛 대전형무소","관광지","대전 중구 중촌동 16-11 옛 대전형무소","36.33713","127.4104","042-606-6281","대전|문화관광|관광지","data.go.kr:15000881:옛_대전형무소","3fdec90c-1da3-4b76-aae0-3e64f7de89e3","0763b244-ae6a-4453-8234-ce3aa2a8aa83","옛 대전형무소은/는 대전광역시 문화관광 관광지 정보입니다. 요약: 옛 대전형무소 망루, 우물 주소는 대전 중구 중촌동 16-11 옛 대전형무소입니다. 문의처는 042-606-6281입니다. 운영 시간, 요금, 편의시설은 변경될 수 있으니 방문 전 공식 안내를 확인해야 합니다.","2026-06-23T12:59:38.754Z","2026-06-23T12:54:53.193385+00:00"
"320","culture_tour","대전광역시","이사동 민속마을","관광지","대전 동구 이사로 102-21 이사동 민속마을","36.28715","127.44822","","대전|문화관광|관광지","data.go.kr:15000881:이사동_민속마을","b266af03-21bf-4fcc-807d-96708028fe26","129d511a-d1f4-4197-b7cc-fb67c21f1a5c","이사동 민속마을은/는 대전광역시 문화관광 관광지 정보입니다. 요약: 500년 장묘문화의 보고 이사동 민속마을 주소는 대전 동구 이사로 102-21 이사동 민속마을입니다. 운영 시간, 요금, 편의시설은 변경될 수 있으니 방문 전 공식 안내를 확인해야 합니다.","2026-06-23T12:59:38.754Z","2026-06-23T12:54:53.314476+00:00"
"321","culture_tour","대전광역시","옛 충남도청과 근현대사전시관","관광지","대전 중구 중앙로 101 옛 충남도청과 근현대사전시관","0","0","042-270-4535~6","대전|문화관광|관광지","data.go.kr:15000881:옛_충남도청과_근현대사전시관","9e21bb21-6aa3-43f2-8a10-1e506f3bfcef","318a13c0-3189-4291-8ff2-c649da8765f1","옛 충남도청과 근현대사전시관은/는 대전광역시 문화관광 관광지 정보입니다. 요약: 옛 충남도청과 근현대사전시관 주소는 대전 중구 중앙로 101 옛 충남도청과 근현대사전시관입니다. 문의처는 042-270-4535~6입니다. 운영 시간, 요금, 편의시설은 변경될 수 있으니 방문 전 공식 안내를 확인해야 합니다.","2026-06-23T12:59:38.754Z","2026-06-23T12:54:53.428199+00:00"
"322","culture_tour","대전광역시","대전역과 추억의 가락국수","관광지","대전 동구 중앙로 지하 218 대전역","0","0","070-4681-2873","대전|문화관광|관광지","data.go.kr:15000881:대전역과_추억의_가락국수","414d9750-17b4-45e9-9162-74c02cf3dcd0","9040ab14-6b91-4b6d-b79f-8f028a739572","대전역과 추억의 가락국수은/는 대전광역시 문화관광 관광지 정보입니다. 요약: 잘 있거라 나는 간다 대전역과 추억의 가락국수 주소는 대전 동구 중앙로 지하 218 대전역입니다. 문의처는 070-4681-2873입니다. 운영 시간, 요금, 편의시설은 변경될 수 있으니 방문 전 공식 안내를 확인해야 합니다.","2026-06-23T12:59:38.754Z","2026-06-23T12:54:53.551254+00:00"
"323","culture_tour","대전광역시","국립대전현충원","관광지","대전 유성구 현충원로 251","0","0","042-718-7114","대전|문화관광|관광지","data.go.kr:15000881:국립대전현충원","ea9f3aa6-f4a8-43a7-808b-a31508d74ad7","9efa6076-b913-4659-8e36-f1866f91947d","국립대전현충원은/는 대전광역시 문화관광 관광지 정보입니다. 요약: 호국공원 국립대전현충원 주소는 대전 유성구 현충원로 251입니다. 문의처는 042-718-7114입니다. 운영 시간, 요금, 편의시설은 변경될 수 있으니 방문 전 공식 안내를 확인해야 합니다.","2026-06-23T12:59:38.754Z","2026-06-23T12:54:53.666866+00:00"
"324","culture_tour","대전광역시","카리용","관광지","대전 서구 혜천로 100 카리용","0","0","042-580-6114","대전|문화관광|관광지","data.go.kr:15000881:카리용","afc8f23d-b303-4730-9770-f8d4e0d97cc1","22754b5e-2fbe-460d-9866-f42654d28cfc","카리용은/는 대전광역시 문화관광 관광지 정보입니다. 요약: 최대 규모의 고전 종악기 카리용 주소는 대전 서구 혜천로 100 카리용입니다. 문의처는 042-580-6114입니다. 운영 시간, 요금, 편의시설은 변경될 수 있으니 방문 전 공식 안내를 확인해야 합니다.","2026-06-23T12:59:38.754Z","2026-06-23T12:54:53.783045+00:00"
"325","culture_tour","대전광역시","성심당","관광지","대전 중구 대종로480번길 15 성심당","0","0","1588-8069","대전|문화관광|관광지","data.go.kr:15000881:성심당","90e8dff4-7618-4a78-9137-8538bd93c848","792aaae1-6289-4bb2-b0d1-2101cf9c5dd3","성심당은/는 대전광역시 문화관광 관광지 정보입니다. 요약: 대한민국 3대 빵집 성심당(聖心堂) 주소는 대전 중구 대종로480번길 15 성심당입니다. 문의처는 1588-8069입니다. 운영 시간, 요금, 편의시설은 변경될 수 있으니 방문 전 공식 안내를 확인해야 합니다.","2026-06-23T12:59:38.754Z","2026-06-23T12:54:53.911864+00:00"
"326","culture_tour","대전광역시","유성5일장","관광지","대전 유성구 유성대로730번길 24 대전광역시 유성구 장대동","36.357777","127.33392","","대전|문화관광|관광지","data.go.kr:15000881:유성5일장","e2d6febc-7b84-4d8c-b1f0-15a836bf8dc1","e7a5b8a1-3203-4ba7-9ea6-495b0c340dfe","유성5일장은/는 대전광역시 문화관광 관광지 정보입니다. 요약: 도심 속 전통시장 유성5일장 주소는 대전 유성구 유성대로730번길 24 대전광역시 유성구 장대동입니다. 주차 시설은 300m 이내에 공영주차장 이용입니다. 운영 시간, 요금, 편의시설은 변경될 수 있으니 방문 전 공식 안내를 확인해야 합니다.","2026-06-23T12:59:38.754Z","2026-06-23T12:54:54.033277+00:00"
"327","culture_tour","대전광역시","대전예술의전당","관광지","대전 서구 둔산대로 135 대전예술의전당","0","0","042-270-8333","대전|문화관광|관광지","data.go.kr:15000881:대전예술의전당","99c6b625-73e9-4f6c-a4c4-0372db8bf2e9","08b102a6-0567-408d-bf7c-175317699cb2","대전예술의전당은/는 대전광역시 문화관광 관광지 정보입니다. 요약: 대전 예술의 홈그라운드 대전예술의전당 주소는 대전 서구 둔산대로 135 대전예술의전당입니다. 문의처는 042-270-8333입니다. 운영 시간, 요금, 편의시설은 변경될 수 있으니 방문 전 공식 안내를 확인해야 합니다.","2026-06-23T12:59:38.754Z","2026-06-23T12:54:54.161692+00:00"
"328","culture_tour","대전광역시","천연기념물센터","관광지","대전 서구 유등로 927 천연기념물센터","0","0","042-610-7610","대전|문화관광|관광지","data.go.kr:15000881:천연기념물센터","71740d41-9a59-43fd-b5f3-41704fccb9c4","030ca26e-0e6f-4a57-be41-9089f79e18cf","천연기념물센터은/는 대전광역시 문화관광 관광지 정보입니다. 요약: 천연기념물센터 주소는 대전 서구 유등로 927 천연기념물센터입니다. 문의처는 042-610-7610입니다. 운영 시간, 요금, 편의시설은 변경될 수 있으니 방문 전 공식 안내를 확인해야 합니다.","2026-06-23T12:59:38.754Z","2026-06-23T12:54:54.521446+00:00"
"329","culture_tour","대전광역시","특허청 발명인의 전당","관광지","대전 서구 청사로 189 특허청 발명인의 전당","0","0","042-481-5940","대전|문화관광|관광지","data.go.kr:15000881:특허청_발명인의_전당","0b9c728b-aed8-4112-b0f9-01fb45afac94","0968ac9f-d890-4039-b650-dcf2702d4580","특허청 발명인의 전당은/는 대전광역시 문화관광 관광지 정보입니다. 요약: 특허청 발명인의 전당 주소는 대전 서구 청사로 189 특허청 발명인의 전당입니다. 문의처는 042-481-5940입니다. 운영 시간은 휴무일 : 공휴일, 명절입니다. 운영 시간, 요금, 편의시설은 변경될 수 있으니 방문 전 공식 안내를 확인해야 합니다.","2026-06-23T12:59:38.754Z","2026-06-23T12:54:54.65863+00:00"
"330","culture_tour","대전광역시","대전 문학관","관광지","대전 동구 송촌남로11번길 116 대전문학관","0","0","042-626-5021","대전|문화관광|관광지","data.go.kr:15000881:대전_문학관","9b8e13f6-7bfb-4107-b6cc-13286c77a39f","bfe84a4c-d679-414f-a798-c98e28f0d05c","대전 문학관은/는 대전광역시 문화관광 관광지 정보입니다. 요약: 대전 문학관 주소는 대전 동구 송촌남로11번길 116 대전문학관입니다. 문의처는 042-626-5021입니다. 운영 시간은 09:00 ~ 18:00 / 휴무일 : 명절, 매년 1월 1일입니다. 주차 시설은 14면입니다. 운영 시간, 요금, 편의시설은 변경될 수 있으니 방문 전 공식 안내를 확인해야 합니다.","2026-06-23T12:59:38.754Z","2026-06-23T12:54:54.774191+00:00"
"331","culture_tour","대전광역시","골프테마파크, 조이마루","관광지","대전 유성구 엑스포로97번길 40 골프테마파크","36.376343","127.390465","1544-1455","대전|문화관광|관광지","data.go.kr:15000881:골프테마파크,_조이마루","1893e1e8-33d4-47e5-a087-8da9985aa9e4","a71512e1-e652-4610-8676-3be1ba32fe7b","골프테마파크, 조이마루은/는 대전광역시 문화관광 관광지 정보입니다. 요약: 골프테마파크, 조이마루 주소는 대전 유성구 엑스포로97번길 40 골프테마파크입니다. 문의처는 1544-1455입니다. 운영 시간, 요금, 편의시설은 변경될 수 있으니 방문 전 공식 안내를 확인해야 합니다.","2026-06-23T12:59:38.754Z","2026-06-23T12:54:54.89882+00:00"
"332","culture_tour","대전광역시","대전 아쿠아리움","관광지","대전 중구 보문산공원로 469 아쿠아리움","0","0","042-226-2100","대전|문화관광|관광지","data.go.kr:15000881:대전_아쿠아리움","6c4f232c-2f2e-4e8e-84ce-0fbf2aaaf004","f0a8a4a8-1f4b-48b2-8dd6-251af96f2b7b","대전 아쿠아리움은/는 대전광역시 문화관광 관광지 정보입니다. 요약: 대전 아쿠아리움 주소는 대전 중구 보문산공원로 469 아쿠아리움입니다. 문의처는 042-226-2100입니다. 운영 시간은 평일 10:00 ~19:00(입장마감 18:00), 주말 10:00~20:00(입장마감 19:00)입니다. 이용 금액은 홈페이지 참조입니다. 주차 시설은 총 453대 수용가능
지상주차장 + 주차타워 + 공영주차장입니다. 운영 시간, 요금, 편의시설은 변경될 수 있으니 방문 전 공식 안내를 확인해야 합니다.","2026-06-23T12:59:38.754Z","2026-06-23T12:54:55.030826+00:00"
"333","culture_tour","대전광역시","대전 시청자미디어센터","관광지","대전 유성구 대덕대로512번길 20 대전 시청자미디어센터","0","0","042-865-3700","대전|문화관광|관광지","data.go.kr:15000881:대전_시청자미디어센터","ba43bfdb-41c8-4b90-a16e-9ef63fe74b6c","130db415-a6b5-4ead-b3e1-942d43c2da7a","대전 시청자미디어센터은/는 대전광역시 문화관광 관광지 정보입니다. 요약: 대전 시청자미디어센터 주소는 대전 유성구 대덕대로512번길 20 대전 시청자미디어센터입니다. 문의처는 042-865-3700입니다. 운영 시간은 09:00 ~ 22:00 / 휴무일 : 명절입니다. 주차 시설은 100여대 주차가능입니다. 운영 시간, 요금, 편의시설은 변경될 수 있으니 방문 전 공식 안내를 확인해야 합니다.","2026-06-23T12:59:38.754Z","2026-06-23T12:54:55.171116+00:00"
"334","culture_tour","대전광역시","대전 테미예술창작센터","관광지","대전 중구 보문로199번길 37-1 대전 테미예술창작센터","0","0","","대전|문화관광|관광지","data.go.kr:15000881:대전_테미예술창작센터","41335669-d90b-4325-a010-74fe8c72eb38","20dac40d-0b8a-4dad-81a0-eafc382ea8a8","대전 테미예술창작센터은/는 대전광역시 문화관광 관광지 정보입니다. 요약: 대전 테미예술창작센터 주소는 대전 중구 보문로199번길 37-1 대전 테미예술창작센터입니다. 운영 시간은 10:00~18:00(전시실) 09:00~21:00(열람실) / 휴무일 : 공휴일, 명절, 매주 월요일, 매년 1월 1일입니다. 주차 시설은 20대입니다. 운영 시간, 요금, 편의시설은 변경될 수 있으니 방문 전 공식 안내를 확인해야 합니다.","2026-06-23T12:59:38.754Z","2026-06-23T12:54:55.302453+00:00"
"335","culture_tour","대전광역시","대전 창작센터","관광지","대전 중구 대종로 470","0","0","042-255-4700","대전|문화관광|관광지","data.go.kr:15000881:대전_창작센터","670e27e7-d312-4fc7-a7be-790dfd5b6e5a","ad1c999e-62d4-4de1-9771-cbacc98d8b27","대전 창작센터은/는 대전광역시 문화관광 관광지 정보입니다. 요약: 대전 창작센터 주소는 대전 중구 대종로 470입니다. 문의처는 042-255-4700입니다. 운영 시간은 3월~10월 : 10:00 ~ 19:00, 11월~2월 : 10:00 ~ 18:00입니다. 운영 시간, 요금, 편의시설은 변경될 수 있으니 방문 전 공식 안내를 확인해야 합니다.","2026-06-23T12:59:38.754Z","2026-06-23T12:54:55.457784+00:00"
"336","culture_tour","대전광역시","대청댐 물 문화관","관광지","대전 대덕구 대청로 618-136","0","0","042-930-7332","대전|문화관광|관광지","data.go.kr:15000881:대청댐_물_문화관","3450857f-7366-48c6-b305-4d75ea1923c7","1fa3075a-f1be-4bf0-a957-b04e136b8069","대청댐 물 문화관은/는 대전광역시 문화관광 관광지 정보입니다. 요약: 대청댐 물 문화관 주소는 대전 대덕구 대청로 618-136입니다. 문의처는 042-930-7332입니다. 운영 시간은 이용안내 : 매주 화~일, 10:00 ~ 오후 5 :00(4:50까지 입장) / 휴무일 : 명절, 매주 월요일입니다. 운영 시간, 요금, 편의시설은 변경될 수 있으니 방문 전 공식 안내를 확인해야 합니다.","2026-06-23T12:59:38.754Z","2026-06-23T12:54:55.615194+00:00"
"337","culture_tour","대전광역시","대동하늘공원","관광지","대전 동구 동대전로110번길 182 대동하늘공원","36.331715","127.45157","042-251-4114","대전|문화관광|관광지","data.go.kr:15000881:대동하늘공원","9e62d172-c8e5-40c1-b65e-dacc0e1f1957","055f80d5-45bc-492e-b503-8afbd3db180b","대동하늘공원은/는 대전광역시 문화관광 관광지 정보입니다. 요약: 아름다운 야경을 볼 수 있는 보문산 보운대와 주소는 대전 동구 동대전로110번길 182 대동하늘공원입니다. 문의처는 042-251-4114입니다. 운영 시간, 요금, 편의시설은 변경될 수 있으니 방문 전 공식 안내를 확인해야 합니다.","2026-06-23T12:59:38.754Z","2026-06-23T12:54:55.962745+00:00"
"338","culture_tour","대전광역시","대전 전통나래관","관광지","대전 동구 철갑2길 2","36.334976","127.437386","042-636-8008","대전|문화관광|관광지","data.go.kr:15000881:대전_전통나래관","03033f5d-cce8-43fb-85df-4d4a7e36c59a","256ac87e-2b80-4013-a827-70ab50e196bb","대전 전통나래관은/는 대전광역시 문화관광 관광지 정보입니다. 요약: 대전 전통나래관 주소는 대전 동구 철갑2길 2입니다. 문의처는 042-636-8008입니다. 운영 시간은 09:00~18:00 / 휴무일 : 매주 월요일, 추석, 설날 당일입니다. 주차 시설은 전통나래관내 주차장입니다. 운영 시간, 요금, 편의시설은 변경될 수 있으니 방문 전 공식 안내를 확인해야 합니다.","2026-06-23T12:59:38.754Z","2026-06-23T12:54:56.087842+00:00"
"339","culture_tour","대전광역시","주주 글램핑장","관광지","대전 유성구 성북로 66-19 주주 글램핑장","36.289455","127.30664","042-383-4747","대전|문화관광|관광지","data.go.kr:15000881:주주_글램핑장","905b85a2-c071-4490-809f-ecd1063c63c3","f32ffa1c-4042-49e9-93cc-ebfb79f9cdaf","주주 글램핑장은/는 대전광역시 문화관광 관광지 정보입니다. 주소는 대전 유성구 성북로 66-19 주주 글램핑장입니다. 문의처는 042-383-4747입니다. 운영 시간, 요금, 편의시설은 변경될 수 있으니 방문 전 공식 안내를 확인해야 합니다.","2026-06-23T12:59:38.754Z","2026-06-23T12:54:56.264463+00:00"
"340","culture_tour","대전광역시","보문산 숲 치유센터","관광지","대전 중구 보문산공원로 440 보문산 숲 치유센터","36.308796","127.42312","042-270-7861","대전|문화관광|관광지","data.go.kr:15000881:보문산_숲_치유센터","a15192c7-1afa-4079-a2ca-8ea7914177d4","748dae68-d1e0-49dc-9c98-d7b0bc40e888","보문산 숲 치유센터은/는 대전광역시 문화관광 관광지 정보입니다. 주소는 대전 중구 보문산공원로 440 보문산 숲 치유센터입니다. 문의처는 042-270-7861입니다. 운영 시간은 09:00 ~ 18:00입니다. 운영 시간, 요금, 편의시설은 변경될 수 있으니 방문 전 공식 안내를 확인해야 합니다.","2026-06-23T12:59:38.754Z","2026-06-23T12:54:56.382286+00:00"
"341","culture_tour","대전광역시","로하스 대청水포츠","관광지","대전 대덕구 대청로 167","36.448902","127.443596","","대전|문화관광|관광지","data.go.kr:15000881:로하스_대청水포츠","b0a6d8dd-55c1-4f32-9e60-27153b417723","bfdbfdc5-9024-4b15-82b4-f6c5bc2b0f8e","로하스 대청水포츠은/는 대전광역시 문화관광 관광지 정보입니다. 주소는 대전 대덕구 대청로 167입니다. 운영 시간은 09:00 ~ 18:00입니다. 이용 금액은 래프팅 성인 15,000원 청소년 10,000원, 어린이 7,000원 카 약 성인 15,000원 청소년15,000원, 어린이 7,000원 오리배 대당 15,000원입니다. 운영 시간, 요금, 편의시설은 변경될 수 있으니 방문 전 공식 안내를 확인해야 합니다.","2026-06-23T12:59:38.754Z","2026-06-23T12:54:56.507399+00:00"
"342","culture_tour","대전광역시","무형문화재전수회관","관광지","대전 대덕구 동춘당로94번길 50","0","0","","대전|문화관광|관광지","data.go.kr:15000881:무형문화재전수회관","022555f5-1b82-4fb7-a2ea-e2f66c1524f0","cee246cf-674f-41e7-9b9b-dbeb87856703","무형문화재전수회관은/는 대전광역시 문화관광 관광지 정보입니다. 요약: 무형문화재전수회관 주소는 대전 대덕구 동춘당로94번길 50입니다. 운영 시간은 10:00 ~ 17:00 / 휴무일 : 매주 월요일, 매년 1월 1일, 설날, 추석당일입니다. 운영 시간, 요금, 편의시설은 변경될 수 있으니 방문 전 공식 안내를 확인해야 합니다.","2026-06-23T12:59:38.754Z","2026-06-23T12:54:56.642372+00:00"
"343","culture_tour","대전광역시","대전 평생학습관","관광지","대전 중구 중교로 56","0","0","","대전|문화관광|관광지","data.go.kr:15000881:대전_평생학습관","25595f70-b1ae-4bb0-a9fd-e38851fbe213","4c5ad666-772d-439c-b054-17713e472ff3","대전 평생학습관은/는 대전광역시 문화관광 관광지 정보입니다. 요약: 대전 평생학습관 주소는 대전 중구 중교로 56입니다. 운영 시간, 요금, 편의시설은 변경될 수 있으니 방문 전 공식 안내를 확인해야 합니다.","2026-06-23T12:59:38.754Z","2026-06-23T12:54:56.768836+00:00"
"344","culture_tour","대전광역시","성북동산림욕장","관광지","대전 유성구 성북로 463 성북동산림욕장","36.31518","127.28152","","대전|문화관광|관광지","data.go.kr:15000881:성북동산림욕장","0876327a-bf35-4121-b23e-33793ba21ed0","238f009d-7c59-4253-bd49-183aad56c60e","성북동산림욕장은/는 대전광역시 문화관광 관광지 정보입니다. 주소는 대전 유성구 성북로 463 성북동산림욕장입니다. 운영 시간은 09:00 ~ 24:00입니다. 편의 시설 안내는 숲속의 문고, 화장실 등입니다. 운영 시간, 요금, 편의시설은 변경될 수 있으니 방문 전 공식 안내를 확인해야 합니다.","2026-06-23T12:59:38.754Z","2026-06-23T12:54:56.906256+00:00"
"345","culture_tour","대전광역시","대전 시립연정국악원","관광지","대전 서구 둔산대로 181","0","0","042-270-8500","대전|문화관광|관광지","data.go.kr:15000881:대전_시립연정국악원","7ebff26e-1320-457f-9e78-9242f9d4edbd","47121192-e8f6-4537-a55c-a8e40d087ad8","대전 시립연정국악원은/는 대전광역시 문화관광 관광지 정보입니다. 요약: 대전 시립연정국악원 주소는 대전 서구 둔산대로 181입니다. 문의처는 042-270-8500입니다. 이용 금액은 공연에 따라 다르므로 홈페이지 참조입니다. 주차 시설은 한밭수목원 주차장 이용 - 무료입니다. 운영 시간, 요금, 편의시설은 변경될 수 있으니 방문 전 공식 안내를 확인해야 합니다.","2026-06-23T12:59:38.754Z","2026-06-23T12:54:57.013275+00:00"
"346","culture_tour","대전광역시","대전 컨벤션센터","관광지","대전 유성구 엑스포로 107","36.374985","127.39169","042-250-1299","대전|문화관광|관광지","data.go.kr:15000881:대전_컨벤션센터","ad30174c-7c4f-44e4-9a5f-7f352eb0930b","fd2c41c7-9af5-4b28-b0bb-cd87e42fa79e","대전 컨벤션센터은/는 대전광역시 문화관광 관광지 정보입니다. 요약: 대전 컨벤션센터 주소는 대전 유성구 엑스포로 107입니다. 문의처는 042-250-1299입니다. 운영 시간은 09:00 ~ 21:00입니다. 이용 금액은 http://www.dcckorea.or.kr/center/guide/search.asp입니다. 주차 시설은 400대 최초 1시간 무료, 매 30분마다 500원 1일주차 5,000원입니다. 편의 시설 안내는 편의점,공예품전시장,비지니스센터,레스토랑,커피숍입니다. 운영 시간, 요금, 편의시설은 변경될 수 있으니 방문 전 공식 안내를 확인해야 합니다.","2026-06-23T12:59:38.754Z","2026-06-23T12:54:57.133913+00:00"
"347","culture_tour","대전광역시","우송예술회관","관광지","대전 동구 동대전로 171","0","0","042-629-6363","대전|문화관광|관광지","data.go.kr:15000881:우송예술회관","27859c20-833a-4da3-9dcb-afb2325c4cc9","6188fc53-c4a8-43f0-b86c-447b1e482b08","우송예술회관은/는 대전광역시 문화관광 관광지 정보입니다. 요약: 우송예술회관 주소는 대전 동구 동대전로 171입니다. 문의처는 042-629-6363입니다. 운영 시간은 휴무일 : 공연없는날입니다. 이용 금액은 홈페이지 참조 http://www.woosongart.co.kr입니다. 주차 시설은 공연관람시 무료입니다. 운영 시간, 요금, 편의시설은 변경될 수 있으니 방문 전 공식 안내를 확인해야 합니다.","2026-06-23T12:59:38.754Z","2026-06-23T12:54:57.259392+00:00"
"348","culture_tour","대전광역시","동구청소년자연수련관","관광지","대전 동구 산내로474번길 123","0","0","042-274-2270","대전|문화관광|관광지","data.go.kr:15000881:동구청소년자연수련관","2b705d5a-4669-423e-9da8-8c494bc45836","ad8784ac-725d-471f-949d-0756d562c6de","동구청소년자연수련관은/는 대전광역시 문화관광 관광지 정보입니다. 요약: 동구청소년자연수련관 주소는 대전 동구 산내로474번길 123입니다. 문의처는 042-274-2270입니다. 이용 금액은 수련프로그램 이용시/홈페이지 참조(http://www.yntc.or.kr)입니다. 편의 시설 안내는 식당,강당,체육관,숙박시설,담력체험장,운동장,등산로입니다. 운영 시간, 요금, 편의시설은 변경될 수 있으니 방문 전 공식 안내를 확인해야 합니다.","2026-06-23T12:59:38.754Z","2026-06-23T12:54:57.393961+00:00"
"349","culture_tour","대전광역시","SPACE SSEE","관광지","대전 중구 중앙로130번길 37-6","0","0","070-4124-5501","대전|문화관광|관광지","data.go.kr:15000881:SPACE_SSEE","c61c6eb0-858d-4c2f-8b9e-115aa421c6c8","9ed30160-ec90-40e9-a50e-fc2cc1985e2a","SPACE SSEE은/는 대전광역시 문화관광 관광지 정보입니다. 요약: SPACE SSEE 주소는 대전 중구 중앙로130번길 37-6입니다. 문의처는 070-4124-5501입니다. 운영 시간은 10:00 ~ 19:00 / 휴무일 : 매주 월요일입니다. 주차 시설은 인근 공영주차장 이용입니다. 편의 시설 안내는 책다방,테라스,식당입니다. 운영 시간, 요금, 편의시설은 변경될 수 있으니 방문 전 공식 안내를 확인해야 합니다.","2026-06-23T12:59:38.754Z","2026-06-23T12:54:57.52575+00:00"
"350","culture_tour","대전광역시","이공갤러리","관광지","대전 중구 대흥로139번길 36","0","0","042-242-2020","대전|문화관광|관광지","data.go.kr:15000881:이공갤러리","267a2584-8144-467a-b205-557066b58bda","067ae196-de38-4cf7-a015-6e2e7e0b1233","이공갤러리은/는 대전광역시 문화관광 관광지 정보입니다. 요약: 이공갤러리 주소는 대전 중구 대흥로139번길 36입니다. 문의처는 042-242-2020입니다. 운영 시간은 10:30 ~ 18:30입니다. 주차 시설은 인근 공영주차장 이용, 요금별도부담입니다. 운영 시간, 요금, 편의시설은 변경될 수 있으니 방문 전 공식 안내를 확인해야 합니다.","2026-06-23T12:59:38.754Z","2026-06-23T12:54:57.681532+00:00"
"351","culture_tour","대전광역시","쌍리갤러리","관광지","대전 중구 중앙로130번길 46","0","0","042-253-8118","대전|문화관광|관광지","data.go.kr:15000881:쌍리갤러리","f4808776-0de6-47cb-9e01-452cb36d9d05","ce2dcfbf-86ba-4c86-9609-375cce24fdd2","쌍리갤러리은/는 대전광역시 문화관광 관광지 정보입니다. 요약: 쌍리갤러리 주소는 대전 중구 중앙로130번길 46입니다. 문의처는 042-253-8118입니다. 운영 시간은 11:00 ~ 21:00입니다. 주차 시설은 근처 공용주차장 이용, 주차요금없음입니다. 편의 시설 안내는 카페,갤러리,공연장입니다. 운영 시간, 요금, 편의시설은 변경될 수 있으니 방문 전 공식 안내를 확인해야 합니다.","2026-06-23T12:59:38.754Z","2026-06-23T12:54:57.819621+00:00"
"352","culture_tour","대전광역시","현대갤러리","관광지","대전 중구 중교로 33","0","0","042-254-7978","대전|문화관광|관광지","data.go.kr:15000881:현대갤러리","52649ec7-b27d-4521-976b-07c8e6feec74","2fb21a95-e315-466e-b578-346cb51541c5","현대갤러리은/는 대전광역시 문화관광 관광지 정보입니다. 요약: 현대갤러리 주소는 대전 중구 중교로 33입니다. 문의처는 042-254-7978입니다. 운영 시간, 요금, 편의시설은 변경될 수 있으니 방문 전 공식 안내를 확인해야 합니다.","2026-06-23T12:59:38.754Z","2026-06-23T12:54:57.955497+00:00"
"353","culture_tour","대전광역시","우연갤러리","관광지","대전 중구 대종로 467","36.326252","127.42698","042-221-7185","대전|문화관광|관광지","data.go.kr:15000881:우연갤러리","9fdc3a9b-7ef0-41af-92c9-4e012549e1dc","c7169f5f-d63a-47c1-b773-38e0866d94a0","우연갤러리은/는 대전광역시 문화관광 관광지 정보입니다. 요약: 우연갤러리 주소는 대전 중구 대종로 467입니다. 문의처는 042-221-7185입니다. 운영 시간은 10:00 ~ 19:00입니다. 운영 시간, 요금, 편의시설은 변경될 수 있으니 방문 전 공식 안내를 확인해야 합니다.","2026-06-23T12:59:38.754Z","2026-06-23T12:54:58.120453+00:00"
"354","culture_tour","대전광역시","대전중구문화원","관광지","대전 중구 대흥로 109","0","0","042-256-3684","대전|문화관광|관광지","data.go.kr:15000881:대전중구문화원","bd844676-d6b0-44ca-a45d-ea35320edbaf","60574ee8-994f-4789-a510-daf896180a2e","대전중구문화원은/는 대전광역시 문화관광 관광지 정보입니다. 요약: 대전중구문화원 주소는 대전 중구 대흥로 109입니다. 문의처는 042-256-3684입니다. 운영 시간은 09:00 ~ 18:00 / 휴무일 : 공휴일, 명절입니다. 주차 시설은 주차요금없음입니다. 편의 시설 안내는 공연장,전시실입니다. 운영 시간, 요금, 편의시설은 변경될 수 있으니 방문 전 공식 안내를 확인해야 합니다.","2026-06-23T12:59:38.754Z","2026-06-23T12:54:58.262795+00:00"
"355","culture_tour","대전광역시","한밭종합운동장","관광지","대전 중구 대종로 373","36.317337","127.42802","042-253-4181","대전|문화관광|관광지","data.go.kr:15000881:한밭종합운동장","edbfd6d0-46c0-49f6-938e-2f34ca3a5cca","d12855a3-ce20-4276-94b8-2d01b286ba20","한밭종합운동장은/는 대전광역시 문화관광 관광지 정보입니다. 요약: 한밭종합운동장 주소는 대전 중구 대종로 373입니다. 문의처는 042-253-4181입니다. 운영 시간은 00:00 ~ 24:00입니다. 주차 시설은 450 무료입니다. 운영 시간, 요금, 편의시설은 변경될 수 있으니 방문 전 공식 안내를 확인해야 합니다.","2026-06-23T12:59:38.754Z","2026-06-23T12:54:58.39079+00:00"
"356","culture_tour","대전광역시","충남대학교 정심화국제문화회관","관광지","대전 유성구 대학로 99","0","0","042-821-8085","대전|문화관광|관광지","data.go.kr:15000881:충남대학교_정심화국제문화회관","010310b5-1953-4386-ab68-8c08747bdd4d","ce97a7d8-d1e4-4dfb-92de-3c5d24e39c95","충남대학교 정심화국제문화회관은/는 대전광역시 문화관광 관광지 정보입니다. 요약: 충남대학교 정심화국제문화회관 주소는 대전 유성구 대학로 99입니다. 문의처는 042-821-8085입니다. 운영 시간은 휴무일 : 둘째주 넷째주 토 / 일요일입니다. 이용 금액은 공연에 따라 다르므로 홈페이지 참조입니다. 운영 시간, 요금, 편의시설은 변경될 수 있으니 방문 전 공식 안내를 확인해야 합니다.","2026-06-23T12:59:38.754Z","2026-06-23T12:54:58.504557+00:00"
"357","culture_tour","대전광역시","유성궁도장","관광지","대전 유성구 덕명로56번길 89","0","0","042-825-1130","대전|문화관광|관광지","data.go.kr:15000881:유성궁도장","7b8bec9a-d1c8-46a4-bfb7-8625e35252f7","d6322ee0-4257-44a2-8501-9e368201f2ff","유성궁도장은/는 대전광역시 문화관광 관광지 정보입니다. 요약: 유성궁도장 주소는 대전 유성구 덕명로56번길 89입니다. 문의처는 042-825-1130입니다. 운영 시간은 08:00 ~ 21:00입니다. 이용 금액은 월 : 25,000원 년 : 300,000원입니다. 주차 시설은 40대 주차가능입니다. 운영 시간, 요금, 편의시설은 변경될 수 있으니 방문 전 공식 안내를 확인해야 합니다.","2026-06-23T12:59:38.754Z","2026-06-23T12:54:58.620132+00:00"
"358","culture_tour","대전광역시","복용승마장","관광지","대전 유성구 덕명로56번길 199","0","0","042-825-2852","대전|문화관광|관광지","data.go.kr:15000881:복용승마장","c79ac3c3-1db5-4865-abe1-0c54c2dc920e","68a09451-3682-40f0-8feb-77241551071e","복용승마장은/는 대전광역시 문화관광 관광지 정보입니다. 요약: 복용승마장 주소는 대전 유성구 덕명로56번길 199입니다. 문의처는 042-825-2852입니다. 운영 시간은 06:00 ~ 19:00 / 휴무일 : 매주 월요일입니다. 이용 금액은 일 반 월회원 : 350,000원, 청소년 월회원 : 250,000원입니다. 주차 시설은 100대 주차가능입니다. 운영 시간, 요금, 편의시설은 변경될 수 있으니 방문 전 공식 안내를 확인해야 합니다.","2026-06-23T12:59:38.754Z","2026-06-23T12:54:58.751855+00:00"
"359","culture_tour","대전광역시","대전월드컵경기장","관광지","대전 유성구 월드컵대로 32","0","0","042-610-2900","대전|문화관광|관광지","data.go.kr:15000881:대전월드컵경기장","5a01aa10-3107-4bf0-b3a6-78e636ba2664","85077082-57cb-4fbd-8bf7-08430aa9a0cf","대전월드컵경기장은/는 대전광역시 문화관광 관광지 정보입니다. 요약: 대전월드컵경기장 주소는 대전 유성구 월드컵대로 32입니다. 문의처는 042-610-2900입니다. 운영 시간은 00:00 ~ 24:00입니다. 이용 금액은 경기에 따라 다르므로 홈페이지 참조하세요입니다. 운영 시간, 요금, 편의시설은 변경될 수 있으니 방문 전 공식 안내를 확인해야 합니다.","2026-06-23T12:59:38.754Z","2026-06-23T12:54:58.865034+00:00"
"360","culture_tour","대전광역시","오원화랑","관광지","대전 서구 둔산중로78번길 36 B101호","0","0","042-489-8778","대전|문화관광|관광지","data.go.kr:15000881:오원화랑","39e77137-10f9-42fa-8735-2751faf901be","d6598231-da6f-49bf-9372-c40d8bca9b0c","오원화랑은/는 대전광역시 문화관광 관광지 정보입니다. 요약: 오원화랑 주소는 대전 서구 둔산중로78번길 36 B101호입니다. 문의처는 042-489-8778입니다. 운영 시간은 10:00 ~ 18:00 / 휴무일 : 기획전 없을 때 일요일 휴무입니다. 운영 시간, 요금, 편의시설은 변경될 수 있으니 방문 전 공식 안내를 확인해야 합니다.","2026-06-23T12:59:38.754Z","2026-06-23T12:54:58.990945+00:00"
"361","culture_tour","대전광역시","정부대전청사","관광지","대전 서구 청사로 189","0","0","042-481-4114","대전|문화관광|관광지|stroller","data.go.kr:15000881:정부대전청사","6c00cd78-11c4-4d89-8a9d-2bb01cb8236d","0a333ec3-176b-4f34-80d1-94308ae2fd70","정부대전청사은/는 대전광역시 문화관광 관광지 정보입니다. 요약: 정부대전청사 주소는 대전 서구 청사로 189입니다. 문의처는 042-481-4114입니다. 편의 시설 안내는 우체국,은행,매점,약국,서점,안경점,의무실,구내식당,어린이집,수영장,탁구장,축구장,테니스코트,체력단련실,배구장,농구장 등입니다. 운영 시간, 요금, 편의시설은 변경될 수 있으니 방문 전 공식 안내를 확인해야 합니다.","2026-06-23T12:59:38.754Z","2026-06-23T12:54:59.112809+00:00"
"362","culture_tour","대전광역시","대전 시청 전시실","관광지","대전 서구 둔산로 100","0","0","042-270-4368","대전|문화관광|관광지","data.go.kr:15000881:대전_시청_전시실","54548a47-d64b-43c5-8306-6437109f0e66","52a4e780-b8b0-4d3c-a9b3-7acf3c33be17","대전 시청 전시실은/는 대전광역시 문화관광 관광지 정보입니다. 요약: 대전 시청 전시실 주소는 대전 서구 둔산로 100입니다. 문의처는 042-270-4368입니다. 운영 시간은 연중무휴입니다. 주차 시설은 휴일은 무료, 평일은 1시간 30분까지 무료입니다. 운영 시간, 요금, 편의시설은 변경될 수 있으니 방문 전 공식 안내를 확인해야 합니다.","2026-06-23T12:59:38.754Z","2026-06-23T12:54:59.239914+00:00"
"363","culture_tour","대전광역시","대전 평생교육문화센터","관광지","대전 서구 배재로 181","0","0","042-270-7621","대전|문화관광|관광지","data.go.kr:15000881:대전_평생교육문화센터","b6e9bc62-59fa-46a2-9d7d-f406e58c5e03","8677b5d1-372f-4203-97eb-4d483ac26abf","대전 평생교육문화센터은/는 대전광역시 문화관광 관광지 정보입니다. 요약: 대전 평생교육문화센터 주소는 대전 서구 배재로 181입니다. 문의처는 042-270-7621입니다. 운영 시간은 09:30 ~ 21:00 / 휴무일 : 공휴일, 명절입니다. 이용 금액은 프로그램별에 따라 다르므로 홈페이지 참조입니다. 편의 시설 안내는 보육실,시청각실,강의실,대회의실,여성사료관입니다. 운영 시간, 요금, 편의시설은 변경될 수 있으니 방문 전 공식 안내를 확인해야 합니다.","2026-06-23T12:59:38.754Z","2026-06-23T12:54:59.389124+00:00"
"364","culture_tour","대전광역시","평송청소년문화센터","관광지","대전 서구 둔산대로 201","0","0","042-480-1622","대전|문화관광|관광지","data.go.kr:15000881:평송청소년문화센터","749bf555-5502-4d34-b594-9dde55fce785","aa9ec96b-02a2-4255-b425-716ee88a52a7","평송청소년문화센터은/는 대전광역시 문화관광 관광지 정보입니다. 요약: 평송청소년문화센터 주소는 대전 서구 둔산대로 201입니다. 문의처는 042-480-1622입니다. 운영 시간은 06:00 ~ 21:00 / 휴무일 : 명절입니다. 이용 금액은 프로그램 따라 다르므로 홈페이지 참조입니다. 주차 시설은 무료입니다. 운영 시간, 요금, 편의시설은 변경될 수 있으니 방문 전 공식 안내를 확인해야 합니다.","2026-06-23T12:59:38.754Z","2026-06-23T12:54:59.518902+00:00"
"365","culture_tour","대전광역시","대덕 문화원","관광지","대전 대덕구 대전로 1348","0","0","042-627-7517","대전|문화관광|관광지","data.go.kr:15000881:대덕_문화원","523928cc-c3b2-4691-9c9c-2a43dd31155c","bb582e16-d6c7-41f4-8e04-8e3772aba052","대덕 문화원은/는 대전광역시 문화관광 관광지 정보입니다. 요약: 대덕 문화원 주소는 대전 대덕구 대전로 1348입니다. 문의처는 042-627-7517입니다. 운영 시간, 요금, 편의시설은 변경될 수 있으니 방문 전 공식 안내를 확인해야 합니다.","2026-06-23T12:59:38.754Z","2026-06-23T12:54:59.637026+00:00"
"366","culture_tour","대전광역시","대전어린이회관","관광지","대전 유성구 월드컵대로 32","0","0","042-824-5500","대전|문화관광|관광지|stroller","data.go.kr:15000881:대전어린이회관","ecde52d9-f72b-49e3-9523-747a21dc4fb4","8b5db28b-2511-4524-b5a6-1a50fa605729","대전어린이회관은/는 대전광역시 문화관광 관광지 정보입니다. 요약: 대전어린이회관 주소는 대전 유성구 월드컵대로 32입니다. 문의처는 042-824-5500입니다. 운영 시간은 10:00 ~ 17:30 / 휴무일 : 명절 당일, 매주 월요일, 매년 1월 1일입니다. 이용 금액은 체험숲 - 어린이 3,000원 보호자 1,500원 (단체-어린이 10명 이상 2,000원) 사계절상상놀이터 어린이 5,000원 보호자 3,500원 (단체-어린이 10명 이상 4,000원)입니다. 주차 시설은 대전월드컵경기장 내 지하주차장 이용(E구역)입니다. 편의 시설 안내는 물품보관소, 수유실, 기저귀 교환대, 응급휴게실, 스낵코너, 카페테리아입니다. 운영 시간, 요금, 편의시설은 변경될 수 있으니 방문 전 공식 안내를 확인해야 합니다.","2026-06-23T12:59:38.754Z","2026-06-23T12:54:59.754522+00:00"
"367","culture_tour","대전광역시","대전교통문화연수원","관광지","대전 유성구 대덕대로 480","0","0","042-879-2000","대전|문화관광|관광지","data.go.kr:15000881:대전교통문화연수원","b763d099-cd25-4f82-bc04-f6398df3d468","fd05b3ad-1710-46ee-bf03-f1ebd580f435","대전교통문화연수원은/는 대전광역시 문화관광 관광지 정보입니다. 요약: 대전교통문화연수원 주소는 대전 유성구 대덕대로 480입니다. 문의처는 042-879-2000입니다. 운영 시간은 10:00 ~ 17:00 / 휴무일 : 매주 월요일, 명절입니다. 이용 금액은 어린이,청소년 2,000원 , 어른 3,000원입니다. 운영 시간, 요금, 편의시설은 변경될 수 있으니 방문 전 공식 안내를 확인해야 합니다.","2026-06-23T12:59:38.754Z","2026-06-23T12:54:59.891719+00:00"
"368","culture_tour","대전광역시","솔로몬로파크","관광지","대전 유성구 엑스포로 219-39","0","0","042-863-3165","대전|문화관광|관광지","data.go.kr:15000881:솔로몬로파크","a0498b29-b0d9-4fd1-a74e-9bd86f465b77","2605f627-857b-4b6a-bef5-fcfed79c835c","솔로몬로파크은/는 대전광역시 문화관광 관광지 정보입니다. 요약: 솔로몬로파크 주소는 대전 유성구 엑스포로 219-39입니다. 문의처는 042-863-3165입니다. 운영 시간은 10:00 ~ 17:30 / 휴무일 : 명절, 매년 1월 1일, 매주 월요일입니다. 주차 시설은 90대 무료입니다. 운영 시간, 요금, 편의시설은 변경될 수 있으니 방문 전 공식 안내를 확인해야 합니다.","2026-06-23T12:59:38.754Z","2026-06-23T12:55:00.030577+00:00"
"369","culture_tour","대전광역시","엑스포다리(야경)","관광지","대전 유성구 엑스포로 85","36.37443","127.38898","042-250-1400","대전|문화관광|관광지","data.go.kr:15000881:엑스포다리(야경)","7ce1a59f-6ce8-4eca-b33a-ecb39d13a6d3","fb020476-8390-43e7-a862-e713a6ac9587","엑스포다리(야경)은/는 대전광역시 문화관광 관광지 정보입니다. 요약: 엑스포다리(야경) 주소는 대전 유성구 엑스포로 85입니다. 문의처는 042-250-1400입니다. 운영 시간은 연중무휴, 일몰 ~ 23:00입니다. 주차 시설은 한밭수목원, 예술의 전당, 시립미술관 주차장 이용 : 무료입니다. 운영 시간, 요금, 편의시설은 변경될 수 있으니 방문 전 공식 안내를 확인해야 합니다.","2026-06-23T12:59:38.754Z","2026-06-23T12:55:00.148365+00:00"
"370","culture_tour","대전광역시","밀쌈마을","관광지","대전 유성구 세동로 44-14","36.275066","127.275116","042-825-7881","대전|문화관광|관광지","data.go.kr:15000881:밀쌈마을","860549c1-1c60-4ba8-9d81-18cb528f71f6","93c8dd69-dc17-4e97-87f2-b652af0d79d1","밀쌈마을은/는 대전광역시 문화관광 관광지 정보입니다. 주소는 대전 유성구 세동로 44-14입니다. 문의처는 042-825-7881입니다. 운영 시간은 09:00 ~ 18:00입니다. 이용 금액은 체험에 따라 다르므로 홈페이지 참조입니다. 주차 시설은 마을회관앞 : 20대입니다. 운영 시간, 요금, 편의시설은 변경될 수 있으니 방문 전 공식 안내를 확인해야 합니다.","2026-06-23T12:59:38.754Z","2026-06-23T12:55:00.264838+00:00"
"371","culture_tour","대전광역시","갑천 수상스포츠","관광지","대전 서구 만년동 397 갑천수상스포츠체험장","0","0","042-472-8865","대전|문화관광|관광지","data.go.kr:15000881:갑천_수상스포츠","904b2ba4-386c-406b-bfc5-56b1dedcfd76","b517c90c-3701-42b4-9ede-79abbf32c364","갑천 수상스포츠은/는 대전광역시 문화관광 관광지 정보입니다. 요약: 갑천 수상스포츠 주소는 대전 서구 만년동 397 갑천수상스포츠체험장입니다. 문의처는 042-472-8865입니다. 운영 시간은 11:00 ~ 17:00입니다. 주차 시설은 한밭수목원 주차장 무료 이용 : 200대입니다. 운영 시간, 요금, 편의시설은 변경될 수 있으니 방문 전 공식 안내를 확인해야 합니다.","2026-06-23T12:59:38.754Z","2026-06-23T12:55:00.395518+00:00"
"372","culture_tour","대전광역시","목척교","관광지","대전 중구 은행동 55-8","36.32946","127.42882","042-606-7753","대전|문화관광|관광지","data.go.kr:15000881:목척교","7c76b67f-81b9-4252-b14d-9858db4b45e4","4c3bb3a3-bacb-4747-bb66-b26f6b7a327d","목척교은/는 대전광역시 문화관광 관광지 정보입니다. 요약: 목척교 주소는 대전 중구 은행동 55-8입니다. 문의처는 042-606-7753입니다. 운영 시간은 00:00 ~ 24:00입니다. 운영 시간, 요금, 편의시설은 변경될 수 있으니 방문 전 공식 안내를 확인해야 합니다.","2026-06-23T12:59:38.754Z","2026-06-23T12:55:00.520667+00:00"
"373","culture_tour","대전광역시","무수천하마을","관광지","대전 중구 무수동 247-1","36.27985","127.40182","042-285-5557","대전|문화관광|관광지","data.go.kr:15000881:무수천하마을","12aeeb6c-8fb3-4345-b4e1-6fd1a45309d4","3e51cd74-679d-48f5-a8b9-5c9c169c0b4b","무수천하마을은/는 대전광역시 문화관광 관광지 정보입니다. 요약: 무수천하마을 주소는 대전 중구 무수동 247-1입니다. 문의처는 042-285-5557입니다. 운영 시간은 08:00 ~ 18:00입니다. 운영 시간, 요금, 편의시설은 변경될 수 있으니 방문 전 공식 안내를 확인해야 합니다.","2026-06-23T12:59:38.754Z","2026-06-23T12:55:00.638802+00:00"
"374","culture_tour","대전광역시","보문산","관광지","대전 중구 문화동 산 18-1","36.299423","127.41981","042-270-7861","대전|문화관광|관광지","data.go.kr:15000881:보문산","fcd7b592-0df8-4965-b339-c17587783c6c","f3420fd1-ff4d-4e94-abcf-35f436ece4df","보문산은/는 대전광역시 문화관광 관광지 정보입니다. 요약: 보문산 주소는 대전 중구 문화동 산 18-1입니다. 문의처는 042-270-7861입니다. 운영 시간은 00:00 ~ 24:00입니다. 주차 시설은 사정공원 주차장 이용입니다. 운영 시간, 요금, 편의시설은 변경될 수 있으니 방문 전 공식 안내를 확인해야 합니다.","2026-06-23T12:59:38.754Z","2026-06-23T12:55:00.763827+00:00"
"375","culture_tour","대전광역시","선창마을","관광지","대전 유성구 계백로93번길 111","36.28006","127.26553","042-825-5553","대전|문화관광|관광지","data.go.kr:15000881:선창마을","de4eb2c9-8050-4e2b-a64d-46927be97caa","27aebd49-da2a-49cd-9e6d-e8d5e6935565","선창마을은/는 대전광역시 문화관광 관광지 정보입니다. 요약: 선창마을 주소는 대전 유성구 계백로93번길 111입니다. 문의처는 042-825-5553입니다. 운영 시간은 09:00 ~ 17:00입니다. 이용 금액은 체험에 따라 다르므로 홈페이지 참조입니다. 주차 시설은 20대-무료입니다. 운영 시간, 요금, 편의시설은 변경될 수 있으니 방문 전 공식 안내를 확인해야 합니다.","2026-06-23T12:59:38.754Z","2026-06-23T12:55:00.875044+00:00"
"376","culture_tour","대전광역시","구봉산","관광지","대전 서구 괴곡동 산 55","36.283703","127.33541","042-611-5732","대전|문화관광|관광지","data.go.kr:15000881:구봉산","db694655-2a52-4785-927e-903aa3bb17f1","fa66e25f-b44d-4c74-8836-0591ae9afdc0","구봉산은/는 대전광역시 문화관광 관광지 정보입니다. 주소는 대전 서구 괴곡동 산 55입니다. 문의처는 042-611-5732입니다. 운영 시간은 00:00 ~ 24:00입니다. 운영 시간, 요금, 편의시설은 변경될 수 있으니 방문 전 공식 안내를 확인해야 합니다.","2026-06-23T12:59:38.754Z","2026-06-23T12:55:00.98178+00:00"
"377","culture_tour","대전광역시","만인산 자연휴양림","관광지","대전 동구 산내로 106","36.20218","127.45511","042-280-5523","대전|문화관광|관광지","data.go.kr:15000881:만인산_자연휴양림","73c291c7-3ca5-4b28-96c9-7042887cdb31","4c931b03-63ef-45ae-804d-7f60482516ca","만인산 자연휴양림은/는 대전광역시 문화관광 관광지 정보입니다. 요약: 만인산 자연휴양림 주소는 대전 동구 산내로 106입니다. 문의처는 042-280-5523입니다. 운영 시간은 00:00 ~ 24:00입니다. 주차 시설은 50면(무료)입니다. 운영 시간, 요금, 편의시설은 변경될 수 있으니 방문 전 공식 안내를 확인해야 합니다.","2026-06-23T12:59:38.754Z","2026-06-23T12:55:01.11552+00:00"
"378","culture_tour","대전광역시","찬샘마을","관광지","대전 동구 냉천로 703","36.41789","127.479744","042-274-3399","대전|문화관광|관광지","data.go.kr:15000881:찬샘마을","3fbd5591-ab48-4dd8-97d2-9e7af49e49d2","c8a18d3c-4ccc-4221-9b04-9adc36d6d84a","찬샘마을은/는 대전광역시 문화관광 관광지 정보입니다. 주소는 대전 동구 냉천로 703입니다. 문의처는 042-274-3399입니다. 운영 시간은 08:00 ~ 22:00입니다. 이용 금액은 체험에 따라 다르므로 홈페이지 참조입니다. 주차 시설은 60대- 무료입니다. 운영 시간, 요금, 편의시설은 변경될 수 있으니 방문 전 공식 안내를 확인해야 합니다.","2026-06-23T12:59:38.754Z","2026-06-23T12:55:01.230487+00:00"
"379","culture_tour","대전광역시","식장산","관광지","대전 동구 세천동 358","0","0","042-274-1877","대전|문화관광|관광지","data.go.kr:15000881:식장산","6ffbca20-c78b-43c1-9192-478b4fc26cb1","9f863cbd-6668-4909-91ba-32dbbd4e5fd0","식장산은/는 대전광역시 문화관광 관광지 정보입니다. 요약: 식장산 주소는 대전 동구 세천동 358입니다. 문의처는 042-274-1877입니다. 운영 시간은 00:00 ~ 24:00 / 연중무휴입니다. 주차 시설은 무료입니다. 운영 시간, 요금, 편의시설은 변경될 수 있으니 방문 전 공식 안내를 확인해야 합니다.","2026-06-23T12:59:38.754Z","2026-06-23T12:55:01.363768+00:00"
"380","culture_tour","대전광역시","장동산림욕장","관광지","대전 대덕구 산디로 79-70","0","0","042-623-9909","대전|문화관광|관광지","data.go.kr:15000881:장동산림욕장","7f03c5c8-c9dc-4c08-a4fd-6593b58729e1","49c70ea2-9f88-4095-9e08-b2aa53435b6c","장동산림욕장은/는 대전광역시 문화관광 관광지 정보입니다. 요약: 장동산림욕장 주소는 대전 대덕구 산디로 79-70입니다. 문의처는 042-623-9909입니다. 운영 시간은 00:00 ~ 24:00입니다. 주차 시설은 25대 - 무료입니다. 편의 시설 안내는 화장실/ 운동기구/ 물놀이장/ 음수대입니다. 운영 시간, 요금, 편의시설은 변경될 수 있으니 방문 전 공식 안내를 확인해야 합니다.","2026-06-23T12:59:38.754Z","2026-06-23T12:55:01.486546+00:00"
"381","culture_tour","대전광역시","계족산","관광지","대전 대덕구 산디로 79-70","36.40553","127.44251","042-623-9909","대전|문화관광|관광지","data.go.kr:15000881:계족산","9333cbd9-4ddb-4e4b-a0a7-7ea372e6f429","82b9f1d4-7243-4ce8-b47b-fa3394fad5a1","계족산은/는 대전광역시 문화관광 관광지 정보입니다. 요약: 계족산 주소는 대전 대덕구 산디로 79-70입니다. 문의처는 042-623-9909입니다. 운영 시간, 요금, 편의시설은 변경될 수 있으니 방문 전 공식 안내를 확인해야 합니다.","2026-06-23T12:59:38.754Z","2026-06-23T12:55:01.620753+00:00"
"382","culture_tour","대전광역시","대청호 두메마을","관광지","대전 대덕구 대청호수로1326번길 97","0","0","042-272-5802","대전|문화관광|관광지","data.go.kr:15000881:대청호_두메마을","e29cd955-2019-4b94-89d3-e087753c24a4","4a08bdeb-0414-4da2-b309-a80fda5d8cce","대청호 두메마을은/는 대전광역시 문화관광 관광지 정보입니다. 요약: 대청호 두메마을 주소는 대전 대덕구 대청호수로1326번길 97입니다. 문의처는 042-272-5802입니다. 운영 시간은 08:00 ~ 19:00입니다. 주차 시설은 20대 - 무료입니다. 편의 시설 안내는 대청호두메마을 민박입니다. 운영 시간, 요금, 편의시설은 변경될 수 있으니 방문 전 공식 안내를 확인해야 합니다.","2026-06-23T12:59:38.754Z","2026-06-23T12:55:01.74148+00:00"
"383","culture_tour","대전광역시","수통골 유원지","관광지","대전 유성구 계산동 667-1","0","0","042-825-3006","대전|문화관광|관광지","data.go.kr:15000881:수통골_유원지","295ccc5c-0f8c-4441-8c07-3ecd91683342","d94006aa-3ab6-49fe-bfbe-fe6d8f63ea41","수통골 유원지은/는 대전광역시 문화관광 관광지 정보입니다. 요약: 수통골 유원지 주소는 대전 유성구 계산동 667-1입니다. 문의처는 042-825-3006입니다. 운영 시간은 연중무휴입니다. 운영 시간, 요금, 편의시설은 변경될 수 있으니 방문 전 공식 안내를 확인해야 합니다.","2026-06-23T12:59:38.754Z","2026-06-23T12:55:01.85408+00:00"
"384","culture_tour","대전광역시","만인산","관광지","동구 하소동","0","0","042-280-5523","대전|문화관광|관광지","data.go.kr:15000881:만인산","351f86e6-5490-402c-932a-b0a6b58e9660","7300904c-aa4d-4aa9-9308-7de3c256be9a","만인산은/는 대전광역시 문화관광 관광지 정보입니다. 요약: 만인산 주소는 동구 하소동입니다. 문의처는 042-280-5523입니다. 운영 시간, 요금, 편의시설은 변경될 수 있으니 방문 전 공식 안내를 확인해야 합니다.","2026-06-23T12:59:38.754Z","2026-06-23T12:55:01.985441+00:00"
"385","culture_tour","대전광역시","테미공원","관광지","대전 중구 보문로199번길 37-36","0","0","042-606-7753","대전|문화관광|관광지","data.go.kr:15000881:테미공원","84e7f29f-a818-48e0-9c6c-b68cab625051","938cc305-8988-47ad-9f98-bd07e9103ff5","테미공원은/는 대전광역시 문화관광 관광지 정보입니다. 요약: 테미공원 주소는 대전 중구 보문로199번길 37-36입니다. 문의처는 042-606-7753입니다. 운영 시간, 요금, 편의시설은 변경될 수 있으니 방문 전 공식 안내를 확인해야 합니다.","2026-06-23T12:59:38.754Z","2026-06-23T12:55:02.096695+00:00"
"386","culture_tour","대전광역시","대전보훈공원","관광지","대전 중구 보훈로 46","0","0","042-270-2450","대전|문화관광|관광지","data.go.kr:15000881:대전보훈공원","f0f2b4c2-c672-4227-a9c0-375675c55028","0c30544c-d837-4a10-93c7-1f96f741fecd","대전보훈공원은/는 대전광역시 문화관광 관광지 정보입니다. 요약: 대전보훈공원 주소는 대전 중구 보훈로 46입니다. 문의처는 042-270-2450입니다. 운영 시간은 09:00 ~ 24:00 / 연중무휴입니다. 주차 시설은 무료입니다. 운영 시간, 요금, 편의시설은 변경될 수 있으니 방문 전 공식 안내를 확인해야 합니다.","2026-06-23T12:59:38.754Z","2026-06-23T12:55:02.208639+00:00"
"387","culture_tour","대전광역시","유림공원","관광지","대전 유성구 어은로 27","0","0","042-611-2469","대전|문화관광|관광지","data.go.kr:15000881:유림공원","f8bbe9ea-dc11-45cb-85fb-0e30ce202630","12a1cf6e-ff15-4483-ad13-b9e2cf2d2218","유림공원은/는 대전광역시 문화관광 관광지 정보입니다. 요약: 유림공원 주소는 대전 유성구 어은로 27입니다. 문의처는 042-611-2469입니다. 운영 시간은 09:00 ~ 24:00 / 연중무휴입니다. 운영 시간, 요금, 편의시설은 변경될 수 있으니 방문 전 공식 안내를 확인해야 합니다.","2026-06-23T12:59:38.754Z","2026-06-23T12:55:02.368036+00:00"
"388","culture_tour","대전광역시","대덕사이언스길","관광지","대전 유성구 대덕대로 480","0","0","042-270-5583","대전|문화관광|관광지","data.go.kr:15000881:대덕사이언스길","e2305780-e89c-4818-af5d-a03cb3d5d416","43601419-53ae-4ae3-9fd0-b6d8389244b2","대덕사이언스길은/는 대전광역시 문화관광 관광지 정보입니다. 요약: 대덕사이언스길 주소는 대전 유성구 대덕대로 480입니다. 문의처는 042-270-5583입니다. 운영 시간은 09:00 ~ 24:00 / 연중무휴입니다. 운영 시간, 요금, 편의시설은 변경될 수 있으니 방문 전 공식 안내를 확인해야 합니다.","2026-06-23T12:59:38.754Z","2026-06-23T12:55:02.4859+00:00"
"389","culture_tour","대전광역시","대청호 자연생태관","관광지","대전 동구 천개동로 41","0","0","","대전|문화관광|관광지|wheelchair|mobility_access|stroller","data.go.kr:15000881:대청호_자연생태관","b385efec-18e8-4498-88ab-ed1953d020ef","528d18b7-9a1c-4d26-8c2b-3b45f9d899e5","대청호 자연생태관은/는 대전광역시 문화관광 관광지 정보입니다. 요약: 대청호 자연생태관 주소는 대전 동구 천개동로 41입니다. 운영 시간은 09:00 ~ 18:00 / 휴무일 : 명절, 매년 1월 1일, 매주 월요일입니다. 주차 시설은 생태관 내 : 15대(장애인 1대, 일반 14대) 생태관 외 : 15대입니다. 편의 시설 안내는 엘리베이터 1대, 유모차 2대, 자동우산포장기 1대, 기저귀교환대 1대입니다. 운영 시간, 요금, 편의시설은 변경될 수 있으니 방문 전 공식 안내를 확인해야 합니다.","2026-06-23T12:59:38.754Z","2026-06-23T12:55:02.615835+00:00"
"390","culture_tour","대전광역시","국가핵융합연구소(NFRI)","관광지","대전 유성구 과학로 169-148","0","0","042-879-5088","대전|문화관광|관광지","data.go.kr:15000881:국가핵융합연구소(NFRI)","f18469f9-7965-4405-b018-723bb5c73d19","1c65724b-9e49-4022-aedb-1d4c6b366813","국가핵융합연구소(NFRI)은/는 대전광역시 문화관광 관광지 정보입니다. 요약: 국가핵융합연구소(NFRI) 주소는 대전 유성구 과학로 169-148입니다. 문의처는 042-879-5088입니다. 운영 시간, 요금, 편의시설은 변경될 수 있으니 방문 전 공식 안내를 확인해야 합니다.","2026-06-23T12:59:38.754Z","2026-06-23T12:55:02.74175+00:00"
"391","culture_tour","대전광역시","한국화학연구원(KRICT)","관광지","대전 유성구 과학로 169-148","0","0","042-860-7114","대전|문화관광|관광지","data.go.kr:15000881:한국화학연구원(KRICT)","67d27f7b-f0de-479d-a874-6708f7a2c407","627de15c-74eb-4c36-835f-2a1497cc2c2d","한국화학연구원(KRICT)은/는 대전광역시 문화관광 관광지 정보입니다. 요약: 한국화학연구원(KRICT) 주소는 대전 유성구 과학로 169-148입니다. 문의처는 042-860-7114입니다. 운영 시간, 요금, 편의시설은 변경될 수 있으니 방문 전 공식 안내를 확인해야 합니다.","2026-06-23T12:59:38.754Z","2026-06-23T12:55:02.859828+00:00"
"392","culture_tour","대전광역시","한국에너지기술연구원(KIER)","관광지","대전 유성구 가정로 152","0","0","042-860-3114","대전|문화관광|관광지","data.go.kr:15000881:한국에너지기술연구원(KIER)","9bcc6a42-e435-4cd6-9d44-cb3955ecc7b0","5b6c9894-9e9b-47e8-90b5-ef47b96c3830","한국에너지기술연구원(KIER)은/는 대전광역시 문화관광 관광지 정보입니다. 요약: 한국에너지기술연구원(KIER) 주소는 대전 유성구 가정로 152입니다. 문의처는 042-860-3114입니다. 운영 시간, 요금, 편의시설은 변경될 수 있으니 방문 전 공식 안내를 확인해야 합니다.","2026-06-23T12:59:38.754Z","2026-06-23T12:55:02.973437+00:00"
"393","culture_tour","대전광역시","한국생명공학연구원(KRIBB)","관광지","대전 유성구 과학로 125","0","0","042-860-4114","대전|문화관광|관광지","data.go.kr:15000881:한국생명공학연구원(KRIBB)","67ec740b-8c85-4d3c-88f8-fea175c96072","ff5b1f20-aa20-4531-9b6b-12aa800c97a0","한국생명공학연구원(KRIBB)은/는 대전광역시 문화관광 관광지 정보입니다. 요약: 한국생명공학연구원(KRIBB) 주소는 대전 유성구 과학로 125입니다. 문의처는 042-860-4114입니다. 운영 시간, 요금, 편의시설은 변경될 수 있으니 방문 전 공식 안내를 확인해야 합니다.","2026-06-23T12:59:38.754Z","2026-06-23T12:55:03.138713+00:00"
"394","culture_tour","대전광역시","특허청 발명교육센터(창의발명체험관)","관광지","대전 유성구 과학로 82","0","0","042-601-4458","대전|문화관광|관광지","data.go.kr:15000881:특허청_발명교육센터(창의발명체험관)","85a5acb0-ff03-4963-9858-788b3e21aedd","f8539a27-896f-4279-8dc7-82b10ba961db","특허청 발명교육센터(창의발명체험관)은/는 대전광역시 문화관광 관광지 정보입니다. 요약: 특허청 발명교육센터(창의발명체험관) 주소는 대전 유성구 과학로 82입니다. 문의처는 042-601-4458입니다. 운영 시간은 09:00 ~ 18:00 / 휴무일 : 공휴일, 명절, 매주 월요일입니다. 운영 시간, 요금, 편의시설은 변경될 수 있으니 방문 전 공식 안내를 확인해야 합니다.","2026-06-23T12:59:38.754Z","2026-06-23T12:55:03.599583+00:00"
"395","culture_tour","대전광역시","한국원자력연구원(KAERI)","관광지","대전 유성구 대덕대로989번길 111","0","0","042-868-2000","대전|문화관광|관광지","data.go.kr:15000881:한국원자력연구원(KAERI)","9f93f6f8-20a4-4966-a408-d443a4b3ec17","678b15e1-8a0d-4ebf-a493-27594c0eb76e","한국원자력연구원(KAERI)은/는 대전광역시 문화관광 관광지 정보입니다. 요약: 한국원자력연구원(KAERI) 주소는 대전 유성구 대덕대로989번길 111입니다. 문의처는 042-868-2000입니다. 운영 시간, 요금, 편의시설은 변경될 수 있으니 방문 전 공식 안내를 확인해야 합니다.","2026-06-23T12:59:38.754Z","2026-06-23T12:55:03.718691+00:00"
"396","culture_tour","대전광역시","한밭도서관","관광지","대전 중구 서문로 10","0","0","042-580-4114","대전|문화관광|관광지","data.go.kr:15000881:한밭도서관","88c1bb32-6245-4f1c-ae52-87e14cc499c8","5512ac50-d591-4ecf-910d-8cd4de37636a","한밭도서관은/는 대전광역시 문화관광 관광지 정보입니다. 요약: 한밭도서관 주소는 대전 중구 서문로 10입니다. 문의처는 042-580-4114입니다. 운영 시간은 09:00 ~ 22:00 / 휴무일 : 명절, 매주 월요일, 매년 1월 1일입니다. 주차 시설은 117대 무료주차입니다. 편의 시설 안내는 휴게실,식당,매점,의무실입니다. 운영 시간, 요금, 편의시설은 변경될 수 있으니 방문 전 공식 안내를 확인해야 합니다.","2026-06-23T12:59:38.754Z","2026-06-23T12:55:03.9121+00:00"
"397","culture_tour","대전광역시","캠프향기 캠핑장","관광지","대전 동구 산내로 710 (상소동)","36.236183","127.46614","0507-1418-6830","대전|문화관광|관광지","data.go.kr:15000881:캠프향기_캠핑장","4674aa9f-3b69-4ed6-a1b1-1584787863fa","603d8e30-ae67-43a9-bb95-c5a55ad235be","캠프향기 캠핑장은/는 대전광역시 문화관광 관광지 정보입니다. 요약: 캠프향기 캠핑장 주소는 대전 동구 산내로 710 (상소동)입니다. 문의처는 0507-1418-6830입니다. 편의 시설 안내는 글램핑장 9개소
낭만 카라반 6개소
공동시설 - 중앙운동장, 수영장, 독립카바나, 반려견시설, 공동주방, 공동샤워시설, 화장실입니다. 운영 시간, 요금, 편의시설은 변경될 수 있으니 방문 전 공식 안내를 확인해야 합니다.","2026-06-23T12:59:38.754Z","2026-06-23T12:55:04.063851+00:00"
"398","culture_tour","대전광역시","꿈꾸는 농부 오토캠핑장","관광지","대전 동구 산내로 716 (상소동)","36.23583","127.46712","0507-1352-1340","대전|문화관광|관광지","data.go.kr:15000881:꿈꾸는_농부_오토캠핑장","28a8ed75-f741-4128-bf3d-ec3034e699df","0f206553-9941-4134-87e2-ddf86ea5e6fa","꿈꾸는 농부 오토캠핑장은/는 대전광역시 문화관광 관광지 정보입니다. 요약: 꿈꾸는 농부 오토캠핑장 주소는 대전 동구 산내로 716 (상소동)입니다. 문의처는 0507-1352-1340입니다. 편의 시설 안내는 샤워실, 화장실, 조리실, 세탁실, 들마루입니다. 운영 시간, 요금, 편의시설은 변경될 수 있으니 방문 전 공식 안내를 확인해야 합니다.","2026-06-23T12:59:38.754Z","2026-06-23T12:55:04.181418+00:00"
"399","culture_tour","대전광역시","하기숲 캠핑장","관광지","대전광역시 유성구 하기동 259 (하기동)","0","0","0507-1470-5504","대전|문화관광|관광지","data.go.kr:15000881:하기숲_캠핑장","747d46b6-3e4a-4928-87ca-5f1b9814297a","84109088-b0af-40de-b4e8-74d29fe9567e","하기숲 캠핑장은/는 대전광역시 문화관광 관광지 정보입니다. 요약: 하기숲 캠핑장 주소는 대전광역시 유성구 하기동 259 (하기동)입니다. 문의처는 0507-1470-5504입니다. 운영 시간은 입실 14시 / 퇴실 12시입니다. 이용 금액은 성수기 (주말,평일) 20,000원 / 비수기 (주말) 20,000원, (평일) 15,000원입니다. 편의 시설 안내는 관리사무소, 화장실, 바비큐장, 어울림 광장, 야외무대, 생태연못, 편백숲, 산책로, 파고라 등입니다. 운영 시간, 요금, 편의시설은 변경될 수 있으니 방문 전 공식 안내를 확인해야 합니다.","2026-06-23T12:59:38.754Z","2026-06-23T12:55:04.289992+00:00"
"400","culture_tour","대전광역시","대전곤충생태관","관광지","대전 서구 둔산대로 191 대전곤충생태관","36.36695","127.389656","042-270-5274","대전|문화관광|관광지|wheelchair|mobility_access","data.go.kr:15000881:대전곤충생태관","64798b58-0e91-41a5-a548-3d3079c3a17e","3fcd0659-827e-4ce3-80ab-1207ecbfbc7c","대전곤충생태관은/는 대전광역시 문화관광 관광지 정보입니다. 요약: 대전곤충생태관 주소는 대전 서구 둔산대로 191 대전곤충생태관입니다. 문의처는 042-270-5274입니다. 운영 시간은 오전 10:00 ~ 오후 05:00입니다. 이용 금액은 무료입니다. 주차 시설은 한밭수목원 내 주차가능(3시간 무료)입니다. 편의 시설 안내는 엘리베이터 1대입니다. 운영 시간, 요금, 편의시설은 변경될 수 있으니 방문 전 공식 안내를 확인해야 합니다.","2026-06-23T12:59:38.754Z","2026-06-23T12:55:04.424991+00:00"
